montant,score_risque_client,is_fraud,jour,mois,jour_semaine,is_weekend,heure_num,période_jour,devise_MAD,devise_USD,type_transaction_retrait,type_transaction_virement,lieu_Fès,lieu_Marrakech,lieu_Rabat,lieu_Tanger,canal_carte,canal_en ligne,canal_guichet,moyen_paiement_Cash,moyen_paiement_MasterCard,moyen_paiement_Visa,categorie_commerce_mode,categorie_commerce_santé,categorie_commerce_voyage,categorie_commerce_électronique,device_utilise_Android,device_utilise_Web,device_utilise_iOS
1.6110878963698558,5,0,1,7,1,0,22,3,0,1,0,0,1,0,0,0,1,0,0,0,0,1,0,0,0,1,1,0,0
0.9032137291951704,9,0,1,7,1,0,9,1,1,0,1,0,0,0,0,1,0,0,0,0,0,1,0,0,1,0,0,0,0
1.5583471343849902,9,0,1,7,1,0,13,2,1,0,1,0,0,0,0,0,0,0,0,0,0,1,0,0,1,0,0,0,0
0.7012282014067038,6,0,1,7,1,0,22,3,1,0,0,1,0,0,0,0,0,0,1,0,0,0,0,1,0,0,1,0,0
-0.6954268527452243,1,0,1,7,1,0,17,2,1,0,0,1,1,0,0,0,0,0,1,0,0,0,0,0,0,1,0,0,1
-1.3607558335839145,10,0,1,7,1,0,7,1,0,1,0,0,0,0,0,1,0,1,0,0,0,1,0,0,0,0,1,0,0
0.9749853069929724,7,0,1,7,1,0,22,3,1,0,0,1,0,0,1,0,1,0,0,0,0,1,0,0,1,0,0,0,1
0.49960704919452437,6,0,1,7,1,0,22,3,1,0,0,0,0,0,1,0,0,1,0,0,1,0,0,0,0,0,1,0,0
-1.5581884017905845,9,0,1,7,1,0,21,3,0,0,1,0,1,0,0,0,0,1,0,0,0,0,0,0,0,1,0,0,0
-0.481354466554778,7,0,1,7,1,0,4,0,1,0,1,0,0,0,1,0,0,0,0,0,0,0,0,0,1,0,0,0,0
1.5791581851563572,4,0,1,7,1,0,0,0,1,0,1,0,0,0,0,0,0,0,0,0,0,1,0,0,1,0,0,0,1
0.0032615796634431343,7,0,2,7,2,0,7,1,1,0,0,0,0,1,0,0,0,0,0,0,0,1,0,0,0,0,0,0,1
-0.23040380180049655,2,0,2,7,2,0,13,2,1,0,0,1,1,0,0,0,0,0,0,0,0,0,1,0,0,0,0,1,0
-0.1441821297202244,6,0,2,7,2,0,13,2,0,1,0,0,1,0,0,0,0,1,0,0,0,0,0,0,0,0,0,1,0
-1.0033207444642158,6,0,2,7,2,0,3,0,0,0,0,0,0,1,0,0,0,0,0,1,0,0,0,0,0,0,0,0,0
-0.45146178832490347,2,0,2,7,2,0,21,3,1,0,1,0,0,1,0,0,1,0,0,0,1,0,1,0,0,0,0,0,0
-0.4476445203828484,4,0,2,7,2,0,22,3,0,0,0,0,0,0,0,0,0,0,0,1,0,0,0,0,0,1,0,1,0
-1.5437938314054531,8,0,2,7,2,0,6,1,1,0,0,1,0,0,1,0,0,0,0,0,0,1,0,0,0,1,0,1,0
0.9257599017583811,8,0,2,7,2,0,0,0,1,0,0,0,0,0,0,0,0,0,0,0,0,0,0,0,1,0,0,0,1
-0.2864239439719458,8,0,2,7,2,0,18,3,1,0,0,0,0,0,0,0,0,0,1,0,0,0,0,1,0,0,1,0,0
1.1143294678523161,8,0,2,7,2,0,3,0,1,0,0,1,0,1,0,0,1,0,0,1,0,0,0,1,0,0,0,0,1
1.2115899847722942,1,0,2,7,2,0,1,0,1,0,1,0,0,0,0,1,1,0,0,1,0,0,0,0,1,0,0,1,0
-0.9925768703291228,2,0,3,7,3,0,4,0,0,0,0,0,0,0,0,0,0,1,0,0,0,0,0,1,0,0,0,0,0
0.5452025796405799,4,0,3,7,3,0,9,1,0,1,1,0,1,0,0,0,0,1,0,0,1,0,0,0,0,0,0,1,0
,9,0,3,7,3,0,22,3,1,0,1,0,0,0,0,0,0,0,0,0,0,1,0,0,0,0,0,0,0
1.3145174094644327,3,0,3,7,3,0,19,3,1,0,1,0,0,0,0,0,0,0,1,0,0,1,1,0,0,0,0,0,0
-0.9796398022491399,6,0,3,7,3,0,5,0,1,0,0,0,0,0,0,1,0,1,0,0,0,1,1,0,0,0,0,0,0
0.6158463282736838,7,0,3,7,3,0,1,0,0,0,0,1,1,0,0,0,0,1,0,1,0,0,0,0,1,0,0,0,0
0.3739321778113217,8,0,3,7,3,0,2,0,1,0,0,1,1,0,0,0,0,0,0,1,0,0,0,0,1,0,1,0,0
-0.704924909433774,7,0,3,7,3,0,21,3,1,0,1,0,0,1,0,0,0,0,0,0,0,0,0,0,1,0,0,1,0
-1.2529006630029411,3,0,3,7,3,0,16,2,0,0,0,0,0,1,0,0,0,1,0,0,0,1,0,0,0,0,0,0,1
0.5254742448673227,6,1,3,7,3,0,13,2,1,0,0,1,0,0,0,1,0,1,0,1,0,0,0,1,0,0,0,0,0
0.8257266602150369,5,0,3,7,3,0,16,2,1,0,1,0,0,0,0,0,1,0,0,0,0,0,0,0,1,0,0,0,0
-0.6347427031973004,10,0,4,7,4,0,16,2,1,0,1,0,0,1,0,0,0,0,1,0,0,1,0,0,1,0,0,0,1
0.5019668148314311,4,0,4,7,4,0,7,1,1,0,0,0,0,0,0,1,1,0,0,0,1,0,0,0,0,0,0,0,1
-0.36022561426620436,1,0,4,7,4,0,6,1,1,0,0,1,0,0,1,0,0,1,0,0,1,0,0,0,0,0,0,0,0
0.7380578965603676,7,0,4,7,4,0,21,3,0,0,1,0,1,0,0,0,1,0,0,1,0,0,0,0,0,0,0,0,1
-1.0367010174956952,8,0,4,7,4,0,3,0,1,0,0,0,0,0,1,0,1,0,0,0,0,0,0,1,0,0,0,0,1
1.3492476072499662,2,0,4,7,4,0,12,2,0,0,0,0,0,0,0,0,0,1,0,0,1,0,0,0,1,0,1,0,0
-0.7321732620528795,7,0,4,7,4,0,4,0,1,0,0,1,0,0,0,0,0,0,0,0,0,0,0,0,0,1,0,0,1
-0.4546440016911439,6,0,4,7,4,0,17,2,0,0,0,0,1,0,0,0,0,1,0,0,0,0,0,0,0,1,0,1,0
-1.5239856810297712,5,0,4,7,4,0,3,0,1,0,0,1,0,0,0,0,0,0,0,0,1,0,0,0,1,0,0,1,0
-1.3395283535825047,4,0,4,7,4,0,1,0,0,0,1,0,0,1,0,0,0,1,0,0,0,0,0,0,1,0,0,1,0
0.05664780695487467,2,0,4,7,4,0,5,0,1,0,1,0,0,0,0,0,0,1,0,0,1,0,0,0,1,0,0,0,0
-0.8005995250360077,10,0,5,7,5,1,22,3,0,0,0,0,0,0,0,0,0,1,0,1,0,0,0,0,1,0,0,1,0
1.160254671438822,6,0,5,7,5,1,21,3,1,0,0,0,1,0,0,0,0,0,1,0,0,1,0,1,0,0,1,0,0
-1.6738342692169337,5,0,5,7,5,1,5,0,0,0,0,1,0,0,0,1,0,0,0,0,0,1,0,0,0,1,0,1,0
-0.4155968208875046,2,0,5,7,5,1,1,0,1,0,0,0,0,0,0,0,0,0,1,1,0,0,1,0,0,0,0,0,0
-0.5597507393538372,10,0,5,7,5,1,20,3,0,0,1,0,0,0,0,0,0,1,0,0,1,0,0,0,0,1,1,0,0
-1.6578329760525554,7,0,5,7,5,1,12,2,1,0,0,0,0,1,0,0,1,0,0,0,1,0,0,0,0,1,0,1,0
-1.2951369976599882,6,0,5,7,5,1,20,3,0,1,0,0,1,0,0,0,0,0,1,0,1,0,0,0,0,0,1,0,0
-0.29630719769828484,9,0,5,7,5,1,13,2,1,0,0,0,0,0,0,1,0,0,0,0,1,0,0,0,1,0,1,0,0
-0.022761776970621057,10,0,5,7,5,1,10,1,1,0,1,0,0,0,0,0,0,1,0,1,0,0,0,0,1,0,0,0,0
-0.32860128448807036,5,0,5,7,5,1,20,3,0,0,0,1,1,0,0,0,0,0,1,0,0,1,0,0,1,0,0,0,0
0.10870146071017057,9,0,5,7,5,1,20,3,0,0,0,0,0,0,0,0,1,0,0,0,0,0,0,0,0,0,1,0,0
0.3303563291309718,9,0,6,7,6,1,10,1,1,0,0,0,0,0,0,0,0,0,1,0,0,0,0,1,0,0,0,1,0
-1.6903040452651092,1,0,6,7,6,1,6,1,0,0,0,0,0,1,0,0,0,0,0,0,0,1,0,1,0,0,0,0,0
-0.12209749955364409,5,0,6,7,6,1,21,3,1,0,1,0,1,0,0,0,0,0,1,1,0,0,1,0,0,0,1,0,0
1.6022908288852107,9,0,6,7,6,1,14,2,0,0,0,0,0,1,0,0,1,0,0,0,0,0,0,1,0,0,0,0,1
0.06759295521782153,7,0,6,7,6,1,21,3,1,0,0,1,0,0,1,0,1,0,0,0,0,1,0,1,0,0,0,0,1
0.6149128327496723,6,0,6,7,6,1,0,0,0,1,1,0,0,0,1,0,0,0,0,1,0,0,0,0,1,0,0,0,0
-0.6477352951746221,6,0,6,7,6,1,14,2,0,0,1,0,0,0,1,0,1,0,0,0,0,0,0,0,0,1,0,1,0
0.9479382285017207,7,0,6,7,6,1,2,0,0,1,0,0,0,0,0,0,0,1,0,0,1,0,0,1,0,0,0,0,1
0.9442458893286783,1,0,6,7,6,1,16,2,1,0,0,1,0,0,1,0,1,0,0,0,1,0,0,1,0,0,0,0,1
0.07541141401186689,4,0,6,7,6,1,10,1,0,0,0,0,0,0,1,0,0,1,0,1,0,0,0,0,0,0,0,0,1
1.6455023019892738,1,0,6,7,6,1,1,0,0,0,0,0,0,0,1,0,0,0,1,0,1,0,1,0,0,0,0,1,0
-1.2910594614491568,6,0,7,7,0,0,8,1,1,0,1,0,1,0,0,0,0,1,0,1,0,0,0,0,0,0,0,1,0
-1.6660505128587249,4,0,7,7,0,0,0,0,0,0,1,0,0,0,1,0,0,1,0,0,0,1,0,0,1,0,0,0,0
0.9347027194735407,1,0,7,7,0,0,7,1,0,1,0,0,0,0,0,1,0,0,1,0,0,1,0,0,0,1,0,0,0
1.0624527965197879,9,0,7,7,0,0,6,1,0,0,0,0,0,0,1,0,1,0,0,0,0,0,1,0,0,0,0,0,1
-1.3095072763400337,4,0,7,7,0,0,17,2,0,0,1,0,0,0,0,1,0,1,0,1,0,0,0,0,0,0,0,1,0
-0.8075400122033806,6,0,7,7,0,0,11,1,1,0,0,0,0,0,0,0,1,0,0,0,0,0,0,1,0,0,1,0,0
-1.6639614262213458,7,0,7,7,0,0,5,0,1,0,0,1,0,1,0,0,0,0,1,0,0,0,0,1,0,0,0,0,1
,8,0,7,7,0,0,18,3,0,1,1,0,0,0,0,1,0,0,0,0,0,1,1,0,0,0,0,0,0
0.9450058726735058,9,0,7,7,0,0,16,2,1,0,0,0,0,0,0,0,1,0,0,0,0,0,0,1,0,0,0,1,0
0.0638936755576119,9,0,7,7,0,0,22,3,0,0,0,0,0,0,0,0,1,0,0,0,1,0,0,0,0,0,0,0,0
-0.5226330139827275,8,0,7,7,0,0,11,1,0,0,0,0,1,0,0,0,0,0,0,0,0,0,0,0,0,0,0,0,0
-0.4409920634329216,10,0,8,7,1,0,18,3,0,0,1,0,0,0,0,1,0,0,0,1,0,0,0,1,0,0,0,1,0
-1.719894812303203,3,1,8,7,1,0,20,3,0,1,1,0,0,1,0,0,0,0,1,0,1,0,0,1,0,0,0,0,1
-0.68938862890961,2,0,8,7,1,0,4,0,1,0,0,0,0,0,1,0,1,0,0,0,0,1,0,0,1,0,0,1,0
0.5075816689498358,5,0,8,7,1,0,5,0,1,0,1,0,0,0,0,0,1,0,0,1,0,0,0,0,0,1,0,0,1
1.6392176908592175,1,0,8,7,1,0,17,2,1,0,0,1,0,0,1,0,0,0,1,0,1,0,1,0,0,0,0,0,0
1.20024228825364,3,0,8,7,1,0,14,2,1,0,0,0,0,0,0,0,1,0,0,1,0,0,0,0,0,0,0,1,0
-1.6430983217962234,1,0,8,7,1,0,8,1,1,0,0,1,0,0,0,0,0,1,0,0,1,0,1,0,0,0,1,0,0
,3,0,8,7,1,0,14,2,1,0,0,0,0,0,0,0,0,1,0,1,0,0,0,0,1,0,0,0,1
0.9797291299718717,4,0,8,7,1,0,15,2,0,0,0,0,0,0,1,0,0,1,0,1,0,0,0,0,0,0,1,0,0
0.9699846859888803,7,0,8,7,1,0,22,3,0,1,0,0,0,1,0,0,1,0,0,0,1,0,0,0,1,0,0,0,1
,5,0,9,7,2,0,21,3,1,0,0,0,0,0,0,0,0,1,0,0,0,1,0,0,1,0,0,1,0
-0.3503007176168613,5,0,9,7,2,0,13,2,1,0,0,0,0,0,0,0,0,1,0,0,0,1,0,1,0,0,1,0,0
-0.6786343440437658,1,0,9,7,2,0,6,1,0,1,0,0,1,0,0,0,0,0,1,1,0,0,1,0,0,0,0,1,0
-1.4977332883191838,8,0,9,7,2,0,15,2,1,0,0,1,0,0,0,0,0,0,1,1,0,0,1,0,0,0,0,0,1
-0.9364977340167506,4,0,9,7,2,0,22,3,1,0,0,1,0,0,0,0,0,0,0,0,0,0,0,1,0,0,0,0,1
-0.8730720920377144,10,0,9,7,2,0,19,3,1,0,1,0,0,0,0,0,0,0,0,0,0,1,1,0,0,0,0,0,1
-0.0531021166227913,5,0,9,7,2,0,17,2,0,0,0,0,0,0,0,1,0,0,0,0,0,0,0,1,0,0,0,0,1
0.8562752144822282,2,0,9,7,2,0,6,1,1,0,0,0,0,0,0,1,0,0,0,0,0,1,0,0,0,0,0,0,0
-0.08855412507373145,1,0,9,7,2,0,2,0,0,1,0,0,0,0,1,0,0,0,1,1,0,0,0,0,1,0,0,0,1
-1.5248393609513582,9,0,9,7,2,0,1,0,1,0,1,0,0,1,0,0,0,0,1,0,1,0,0,0,1,0,1,0,0
1.5825763750862885,2,0,9,7,2,0,10,1,1,0,0,1,1,0,0,0,0,0,1,0,0,1,1,0,0,0,0,0,1
1.5305574237668296,6,0,10,7,3,0,22,3,1,0,0,0,0,1,0,0,0,1,0,0,0,0,0,0,0,1,0,1,0
0.9866071527547383,1,0,10,7,3,0,6,1,1,0,0,0,0,1,0,0,0,1,0,0,0,0,0,0,1,0,0,0,0
1.6983784034739031,1,1,10,7,3,0,16,2,0,0,1,0,1,0,0,0,0,0,0,0,0,0,0,1,0,0,1,0,0
0.15546993348751226,9,1,10,7,3,0,21,3,0,0,0,0,0,0,1,0,0,1,0,0,0,0,0,0,0,1,0,0,0
1.5997679617998706,4,0,10,7,3,0,17,2,0,0,0,0,0,0,0,0,1,0,0,0,0,0,0,0,0,1,0,0,0
-1.4635132163404525,9,0,10,7,3,0,12,2,1,0,1,0,1,0,0,0,0,0,1,0,0,0,0,0,1,0,0,0,0
-0.46191416199896684,5,0,10,7,3,0,1,0,0,1,1,0,0,0,0,1,0,0,0,0,0,1,0,0,1,0,0,1,0
-0.94635322579442,7,0,10,7,3,0,9,1,0,0,0,0,1,0,0,0,0,0,0,0,1,0,0,0,1,0,0,0,0
-1.0483783871548,1,0,10,7,3,0,22,3,0,0,0,0,0,0,0,1,1,0,0,0,1,0,0,1,0,0,0,0,0
-1.2383915745795486,6,0,10,7,3,0,17,2,1,0,0,1,0,0,0,0,0,1,0,1,0,0,0,0,0,1,0,0,1
0.42455956145372264,8,0,10,7,3,0,2,0,1,0,0,0,0,0,0,0,0,0,0,0,0,0,1,0,0,0,0,1,0
0.9732501852011292,1,0,11,7,4,0,13,2,1,0,0,0,0,1,0,0,0,1,0,0,0,0,0,1,0,0,1,0,0
0.27223321934780814,9,0,11,7,4,0,16,2,0,0,0,0,0,1,0,0,0,1,0,0,0,1,0,0,0,0,1,0,0
-1.2171224516551347,3,0,11,7,4,0,11,1,1,0,0,0,0,0,0,0,1,0,0,0,1,0,0,0,1,0,1,0,0
1.076153318188182,1,0,11,7,4,0,11,1,1,0,0,0,0,0,0,0,0,0,0,0,1,0,0,0,0,1,0,1,0
0.47131415325672926,1,0,11,7,4,0,9,1,0,0,0,1,0,1,0,0,0,1,0,0,0,1,0,1,0,0,1,0,0
-0.3842744023011511,6,0,11,7,4,0,6,1,0,0,0,0,0,0,0,0,0,1,0,0,0,1,0,0,0,0,0,1,0
,6,0,11,7,4,0,0,0,0,1,0,0,0,1,0,0,1,0,0,1,0,0,0,1,0,0,0,0,1
-0.8271468884512087,1,1,11,7,4,0,2,0,1,0,1,0,0,0,0,0,1,0,0,0,0,0,0,1,0,0,0,0,1
-0.5326585476959977,3,0,11,7,4,0,17,2,0,0,1,0,0,1,0,0,0,1,0,0,0,0,1,0,0,0,0,1,0
1.443409196649713,7,0,11,7,4,0,4,0,1,0,0,1,0,0,0,1,1,0,0,0,0,0,1,0,0,0,1,0,0
-0.7214883820587091,10,0,11,7,4,0,0,0,0,0,0,1,0,0,1,0,0,1,0,1,0,0,0,1,0,0,0,1,0
-0.10175146142249071,3,0,12,7,5,1,14,2,1,0,0,0,1,0,0,0,0,0,0,0,0,1,0,0,0,0,0,1,0
1.3489908092247735,3,0,12,7,5,1,16,2,1,0,1,0,0,0,1,0,0,0,1,0,0,1,0,0,0,1,0,0,0
0.7191173070806073,3,0,12,7,5,1,3,0,1,0,0,0,0,0,1,0,1,0,0,0,0,0,0,0,0,1,0,1,0
,7,0,12,7,5,1,4,0,0,0,0,1,0,0,1,0,0,0,1,0,0,0,0,0,1,0,0,0,0
-1.215946039080265,4,0,12,7,5,1,5,0,1,0,0,0,0,1,0,0,0,1,0,1,0,0,0,0,1,0,0,0,1
-1.6974943899705073,4,0,12,7,5,1,13,2,0,0,0,1,0,0,0,1,0,1,0,0,1,0,0,0,0,1,0,0,0
0.45393517338962786,3,0,12,7,5,1,12,2,1,0,1,0,0,0,0,1,0,1,0,0,1,0,0,1,0,0,0,1,0
-0.17880127971107962,10,0,12,7,5,1,6,1,1,0,0,0,0,0,0,0,0,0,1,0,0,0,0,1,0,0,0,0,1
-1.2609342768991754,9,0,12,7,5,1,7,1,1,0,1,0,0,0,0,1,0,1,0,1,0,0,1,0,0,0,0,0,0
1.5830726199187557,2,0,12,7,5,1,21,3,1,0,0,1,0,1,0,0,1,0,0,0,0,0,1,0,0,0,0,1,0
0.1042873108717214,4,0,12,7,5,1,12,2,1,0,0,1,0,0,1,0,0,0,0,0,1,0,0,0,1,0,0,0,1
-0.8893371237144525,8,0,13,7,6,1,10,1,1,0,0,0,0,0,0,0,0,0,0,0,0,0,0,0,0,1,0,0,0
0.003962568867347938,6,0,13,7,6,1,8,1,1,0,1,0,0,0,1,0,1,0,0,0,1,0,0,1,0,0,0,1,0
,7,0,13,7,6,1,2,0,1,0,0,0,0,0,0,1,0,0,0,0,1,0,0,0,0,1,0,1,0
-1.461323492639146,7,0,13,7,6,1,4,0,1,0,0,0,1,0,0,0,0,0,1,0,1,0,0,0,0,0,1,0,0
-0.7760475516814265,2,0,13,7,6,1,14,2,0,1,0,0,0,1,0,0,0,1,0,0,0,1,0,0,0,1,1,0,0
1.0617969204824715,4,0,13,7,6,1,8,1,1,0,0,0,0,0,1,0,0,1,0,0,0,1,0,0,0,0,0,0,0
-0.1373943332705337,10,0,13,7,6,1,16,2,0,0,0,1,0,1,0,0,0,1,0,0,0,0,1,0,0,0,0,0,0
,10,0,13,7,6,1,2,0,0,0,0,0,0,0,0,0,0,0,1,0,1,0,1,0,0,0,0,0,0
-0.23010189060871555,6,0,13,7,6,1,16,2,0,0,0,1,0,0,1,0,0,0,1,0,0,1,0,0,1,0,0,1,0
-1.5729889906750067,3,1,13,7,6,1,2,0,0,0,0,0,1,0,0,0,0,0,1,0,0,0,0,0,0,1,0,0,0
-1.152253188345285,9,0,13,7,6,1,14,2,1,0,0,0,0,0,0,0,1,0,0,0,0,0,0,0,0,1,0,1,0
-0.18616166635207848,4,0,14,7,0,0,3,0,0,0,0,0,0,0,0,1,0,0,1,0,0,0,0,0,0,0,0,0,0
-1.0022727309019426,10,0,14,7,0,0,1,0,0,0,0,0,0,0,0,0,0,0,0,0,0,0,1,0,0,0,0,1,0
-1.551997487237288,2,0,14,7,0,0,2,0,1,0,0,0,0,1,0,0,1,0,0,0,0,0,0,0,0,0,0,1,0
1.1884608112870245,6,0,14,7,0,0,8,1,1,0,0,0,0,0,1,0,1,0,0,1,0,0,1,0,0,0,1,0,0
1.66338446717601,1,0,14,7,0,0,1,0,1,0,1,0,1,0,0,0,1,0,0,0,1,0,0,0,0,0,0,0,1
1.0140671902324487,6,0,14,7,0,0,8,1,0,0,0,0,0,0,0,0,0,0,1,0,0,0,1,0,0,0,0,1,0
1.2234582178285018,10,0,14,7,0,0,4,0,0,0,0,0,0,0,0,0,1,0,0,1,0,0,0,0,0,0,0,0,0
-0.8890490934970066,1,0,14,7,0,0,1,0,1,0,0,0,0,0,0,1,0,0,1,0,1,0,1,0,0,0,1,0,0
1.592372872723035,8,0,14,7,0,0,5,0,1,0,0,1,0,0,1,0,0,0,1,0,0,0,0,0,0,0,0,0,0
-1.044606232379333,5,0,14,7,0,0,4,0,1,0,0,1,0,0,0,1,1,0,0,0,0,0,0,0,0,1,0,0,0
1.5606166736887208,6,0,14,7,0,0,17,2,1,0,0,0,0,0,0,0,0,1,0,1,0,0,0,0,1,0,0,1,0
1.7104340296836302,2,0,15,7,1,0,15,2,0,1,0,0,0,0,0,0,0,1,0,0,0,1,0,0,0,0,0,1,0
0.7329323467872629,2,0,15,7,1,0,4,0,1,0,0,0,0,0,1,0,1,0,0,1,0,0,0,0,1,0,0,0,1
1.6632144252404089,9,0,15,7,1,0,17,2,1,0,0,1,0,1,0,0,0,1,0,0,1,0,0,0,0,1,0,1,0
0.24199004651598133,3,0,15,7,1,0,18,3,1,0,0,0,0,0,0,0,0,0,0,0,1,0,0,0,0,1,0,1,0
-0.8283996463849195,6,0,15,7,1,0,7,1,0,0,0,0,0,0,0,1,0,0,0,0,0,1,1,0,0,0,0,0,1
,10,0,15,7,1,0,12,2,1,0,0,0,1,0,0,0,0,0,1,1,0,0,0,0,1,0,0,0,0
0.3249323384096699,5,1,15,7,1,0,5,0,0,0,0,0,0,1,0,0,0,1,0,0,0,0,0,1,0,0,0,0,1
-1.4722269979790887,4,0,15,7,1,0,15,2,1,0,0,0,0,0,0,0,0,0,0,0,0,0,1,0,0,0,0,0,1
0.4243166444028643,10,0,15,7,1,0,0,0,1,0,1,0,0,0,0,0,1,0,0,0,0,1,0,0,1,0,0,0,1
,2,0,15,7,1,0,15,2,1,0,0,0,0,0,0,0,0,1,0,0,0,1,0,0,0,0,1,0,0
-1.0681483648510615,8,0,16,7,2,0,10,1,0,0,1,0,0,0,0,0,0,0,0,0,0,1,0,0,0,0,0,0,0
1.0121759074793395,10,0,16,7,2,0,20,3,1,0,0,0,0,0,1,0,0,0,0,1,0,0,0,0,0,1,1,0,0
1.4103065431049284,7,0,16,7,2,0,5,0,0,1,0,0,0,0,0,0,1,0,0,0,0,0,0,1,0,0,1,0,0
1.5339305005301724,2,0,16,7,2,0,10,1,0,0,0,1,0,0,1,0,0,0,1,0,0,0,0,0,0,0,0,1,0
1.5906759236106125,6,0,16,7,2,0,18,3,0,1,0,0,0,0,0,1,1,0,0,0,0,0,0,0,1,0,0,0,1
0.07597359347242437,8,1,16,7,2,0,9,1,1,0,0,1,0,0,1,0,0,0,1,0,0,1,0,0,1,0,0,0,1
1.6499685054814779,7,0,16,7,2,0,10,1,0,1,1,0,0,0,0,0,0,0,0,0,0,0,0,0,0,0,1,0,0
,1,0,16,7,2,0,6,1,1,0,0,0,0,0,1,0,0,0,1,0,1,0,0,0,1,0,0,1,0
-1.1663354368078842,5,0,16,7,2,0,3,0,1,0,0,1,0,0,0,0,0,0,0,0,0,1,0,0,1,0,0,1,0
-0.07788312605389579,2,1,16,7,2,0,12,2,1,0,0,0,1,0,0,0,0,0,0,0,0,0,0,0,0,1,0,1,0
0.7557526685935844,6,0,16,7,2,0,6,1,1,0,0,1,0,0,1,0,0,1,0,0,0,0,0,1,0,0,0,0,0
-0.8705284034908723,7,0,17,7,3,0,12,2,0,0,0,0,0,0,0,0,0,0,1,0,0,1,0,0,0,1,1,0,0
0.48740567275428304,7,0,17,7,3,0,16,2,1,0,0,1,0,0,0,0,0,0,1,0,1,0,0,1,0,0,0,0,0
0.5771288206104949,3,0,17,7,3,0,7,1,1,0,0,0,0,0,0,1,0,0,1,0,1,0,0,0,1,0,0,1,0
-1.1627853776217731,7,0,17,7,3,0,12,2,0,0,1,0,0,0,1,0,1,0,0,1,0,0,0,1,0,0,0,1,0
0.22660992695308332,5,0,17,7,3,0,5,0,1,0,1,0,0,0,0,0,0,1,0,1,0,0,0,0,1,0,0,1,0
0.9397762155928902,8,0,17,7,3,0,6,1,1,0,0,1,0,0,0,0,0,1,0,0,0,1,0,0,1,0,0,0,1
-0.001936845224918932,8,0,17,7,3,0,1,0,1,0,0,1,0,0,0,0,0,1,0,0,0,1,0,0,0,1,1,0,0
-1.6827770869320933,7,0,17,7,3,0,4,0,0,0,0,1,1,0,0,0,1,0,0,0,1,0,0,0,0,1,0,0,1
-1.6933613298623367,6,1,17,7,3,0,3,0,0,0,0,1,0,0,0,1,0,0,1,1,0,0,1,0,0,0,0,0,0
-0.4917860187673393,2,0,17,7,3,0,3,0,1,0,0,0,1,0,0,0,0,0,1,0,0,1,0,0,0,0,0,0,1
1.4734788573023554,6,0,17,7,3,0,16,2,1,0,0,0,0,0,0,1,0,0,1,0,1,0,1,0,0,0,1,0,0
-0.9349742970835124,9,0,18,7,4,0,16,2,1,0,0,0,0,0,1,0,0,1,0,1,0,0,1,0,0,0,0,0,1
0.46582075766375375,2,0,18,7,4,0,0,0,0,0,0,0,0,1,0,0,0,1,0,0,1,0,0,1,0,0,0,1,0
-0.9577668569411646,1,0,18,7,4,0,17,2,1,0,0,0,0,1,0,0,0,0,0,0,0,0,0,0,1,0,0,0,0
-0.6138761285285941,5,0,18,7,4,0,14,2,1,0,1,0,0,0,0,0,1,0,0,1,0,0,0,0,1,0,0,0,0
1.203629245991318,6,0,18,7,4,0,3,0,1,0,0,0,0,0,1,0,1,0,0,0,0,1,0,0,1,0,0,1,0
0.7921104106198669,3,0,18,7,4,0,19,3,1,0,1,0,1,0,0,0,0,1,0,0,0,1,0,0,0,0,0,1,0
-1.3951667689597487,8,0,18,7,4,0,10,1,1,0,0,0,0,0,0,0,0,0,0,0,0,0,0,1,0,0,0,1,0
-0.24430559759674408,7,0,18,7,4,0,14,2,0,0,0,0,0,0,1,0,0,0,1,1,0,0,0,1,0,0,1,0,0
-1.6238488806375149,2,0,18,7,4,0,18,3,1,0,1,0,1,0,0,0,0,1,0,0,1,0,0,0,1,0,0,0,1
-0.06410625902666087,7,0,18,7,4,0,22,3,1,0,1,0,0,0,0,0,1,0,0,0,0,1,1,0,0,0,0,0,0
0.5627446609561148,1,0,18,7,4,0,13,2,0,0,1,0,1,0,0,0,1,0,0,0,0,0,0,0,0,0,0,0,1
-1.3153928094579659,9,0,19,7,5,1,3,0,0,0,1,0,0,0,0,1,1,0,0,0,0,0,1,0,0,0,0,1,0
-0.7270789444720279,7,0,19,7,5,1,12,2,1,0,0,0,0,0,1,0,0,0,1,1,0,0,0,0,0,1,0,1,0
-0.3508837185389207,6,0,19,7,5,1,14,2,1,0,1,0,0,1,0,0,1,0,0,1,0,0,0,1,0,0,0,0,1
1.4504711423425147,2,0,19,7,5,1,10,1,0,0,0,0,1,0,0,0,0,0,1,0,0,1,0,1,0,0,0,0,0
1.7050343306674136,3,0,19,7,5,1,1,0,0,1,0,0,0,0,0,1,0,0,1,0,0,0,1,0,0,0,1,0,0
-1.5694944553862347,1,0,19,7,5,1,19,3,1,0,0,0,0,0,1,0,0,0,1,0,1,0,0,0,0,0,0,0,1
0.9031096218876598,10,0,19,7,5,1,2,0,0,1,0,0,1,0,0,0,0,1,0,0,0,0,0,1,0,0,0,1,0
-0.4410475873302605,5,0,19,7,5,1,20,3,0,0,0,0,1,0,0,0,0,0,1,0,1,0,1,0,0,0,0,1,0
-0.3694529919552265,9,0,19,7,5,1,4,0,1,0,0,1,0,0,1,0,0,0,0,0,1,0,0,0,0,0,1,0,0
0.8798277576847078,6,0,19,7,5,1,5,0,1,0,0,1,0,0,0,0,1,0,0,0,0,1,1,0,0,0,0,0,1
1.4466573446440434,5,0,19,7,5,1,4,0,1,0,0,0,0,0,0,0,0,1,0,0,0,0,0,0,0,0,1,0,0
1.5588850221404613,3,0,20,7,6,1,0,0,1,0,0,0,0,0,0,0,1,0,0,0,1,0,0,0,1,0,1,0,0
0.2681730343548951,5,1,20,7,6,1,14,2,1,0,0,0,0,0,0,1,0,0,1,1,0,0,0,0,0,0,0,0,0
-0.4914667563576401,8,0,20,7,6,1,16,2,0,0,0,0,0,0,0,0,0,1,0,0,1,0,0,0,0,1,0,0,0
0.9947518144456501,2,1,20,7,6,1,11,1,0,1,0,1,0,0,0,0,0,0,0,1,0,0,0,0,1,0,0,1,0
-0.8578897763590865,5,0,20,7,6,1,11,1,1,0,0,0,0,1,0,0,0,0,1,1,0,0,1,0,0,0,0,0,1
0.22311886190789468,6,0,20,7,6,1,7,1,0,0,1,0,0,0,1,0,1,0,0,0,0,0,0,0,1,0,0,0,0
-0.48643490316129484,10,0,20,7,6,1,16,2,1,0,0,0,1,0,0,0,0,0,0,1,0,0,0,0,1,0,0,1,0
0.5427074745039093,8,0,20,7,6,1,7,1,1,0,0,1,0,0,0,0,0,0,1,0,1,0,1,0,0,0,0,0,1
-0.8944973759233943,8,0,20,7,6,1,13,2,1,0,0,0,0,0,0,0,0,0,0,1,0,0,1,0,0,0,0,1,0
-1.063019344834373,5,0,20,7,6,1,6,1,0,0,1,0,0,0,0,1,0,0,1,0,0,0,0,0,0,1,0,0,0
1.4460118793374777,9,0,20,7,6,1,11,1,0,1,0,0,0,0,0,1,0,1,0,0,0,1,1,0,0,0,0,1,0
-1.3730509066009153,4,0,21,7,0,0,2,0,0,0,1,0,0,0,1,0,0,0,1,0,1,0,0,1,0,0,0,0,1
0.022448556437645192,9,0,21,7,0,0,14,2,1,0,0,0,0,1,0,0,0,1,0,0,1,0,0,1,0,0,0,0,1
-0.9619866731389273,7,0,21,7,0,0,13,2,1,0,0,0,0,0,0,0,0,0,1,0,0,0,0,0,0,1,0,1,0
-1.590149345196336,6,0,21,7,0,0,11,1,1,0,0,1,0,0,0,0,0,0,1,0,0,0,0,0,0,0,0,0,1
-1.6001991706146919,4,0,21,7,0,0,8,1,1,0,0,1,0,0,0,0,1,0,0,0,0,0,0,0,0,0,0,1,0
-1.1195461425690405,2,0,21,7,0,0,21,3,0,0,0,1,1,0,0,0,0,0,0,0,0,0,0,1,0,0,0,0,1
1.2682972351733142,8,0,21,7,0,0,20,3,0,0,1,0,1,0,0,0,0,0,0,0,1,0,1,0,0,0,0,1,0
-0.7492017473180287,6,0,21,7,0,0,7,1,0,0,0,1,1,0,0,0,0,0,0,0,0,1,0,0,0,1,0,1,0
1.5572644183868798,3,0,21,7,0,0,16,2,1,0,0,0,0,0,0,0,0,0,1,1,0,0,0,0,0,0,0,1,0
0.28370931487905926,7,0,21,7,0,0,17,2,1,0,0,0,0,0,1,0,0,0,1,1,0,0,0,0,0,0,1,0,0
-0.2169878401059647,10,0,21,7,0,0,13,2,1,0,0,0,0,1,0,0,0,0,1,0,0,1,0,0,1,0,0,0,1
0.27841372317035373,7,0,22,7,1,0,5,0,1,0,1,0,0,0,1,0,0,1,0,0,0,1,0,1,0,0,0,0,0
0.05953504961650165,6,0,22,7,1,0,12,2,1,0,0,0,0,1,0,0,0,1,0,0,0,1,1,0,0,0,0,1,0
0.8954022108882923,2,0,22,7,1,0,5,0,0,0,0,0,0,0,0,0,1,0,0,0,0,0,0,0,0,1,1,0,0
-0.7491392829335222,8,0,22,7,1,0,10,1,0,0,1,0,0,0,0,1,0,0,1,0,1,0,0,0,0,0,0,0,0
-0.5055247131151538,1,0,22,7,1,0,8,1,1,0,0,1,1,0,0,0,0,0,0,0,1,0,0,0,1,0,0,1,0
1.3626427474829959,1,0,22,7,1,0,13,2,1,0,0,0,0,0,0,0,0,0,0,0,0,0,0,1,0,0,0,0,0
1.543442438193057,6,0,22,7,1,0,15,2,1,0,0,0,0,0,0,0,1,0,0,0,0,0,0,1,0,0,1,0,0
1.3573367450435396,5,1,22,7,1,0,19,3,1,0,0,0,1,0,0,0,0,0,0,0,1,0,0,0,0,1,0,0,0
-0.2762596005153284,9,0,22,7,1,0,7,1,0,0,0,0,0,0,0,1,1,0,0,0,0,0,0,0,0,0,0,1,0
0.9699499835530436,7,0,22,7,1,0,0,0,1,0,0,0,0,0,1,0,0,0,1,0,1,0,0,0,0,1,0,0,0
-0.0798334029479275,2,0,23,7,2,0,0,0,1,0,1,0,0,0,1,0,0,0,0,0,0,1,0,0,0,1,0,0,0
-0.006618203819311801,7,0,23,7,2,0,0,0,1,0,1,0,0,0,0,1,0,0,1,1,0,0,0,0,1,0,0,1,0
-1.0178298328876085,3,0,23,7,2,0,21,3,0,0,1,0,0,1,0,0,0,1,0,1,0,0,0,1,0,0,1,0,0
0.3165412894243161,1,0,23,7,2,0,5,0,1,0,0,0,0,0,1,0,0,0,0,0,0,0,1,0,0,0,1,0,0
-1.08186276749379,8,0,23,7,2,0,13,2,1,0,0,1,1,0,0,0,0,1,0,0,1,0,0,1,0,0,0,0,0
-0.5797115804472014,3,0,23,7,2,0,14,2,1,0,0,0,0,0,0,0,0,0,0,1,0,0,0,1,0,0,0,0,1
1.2277578496286892,8,0,23,7,2,0,22,3,0,0,0,0,1,0,0,0,0,0,1,0,0,1,0,0,1,0,0,0,0
-1.009560242427684,7,0,23,7,2,0,7,1,0,1,0,1,0,0,1,0,1,0,0,0,0,1,1,0,0,0,0,0,1
-1.4788690441982648,2,0,23,7,2,0,5,0,1,0,0,0,0,0,0,0,0,0,1,0,0,1,0,0,0,0,0,0,0
-1.4862918952237698,1,0,23,7,2,0,8,1,0,0,0,0,1,0,0,0,0,0,1,0,0,0,1,0,0,0,1,0,0
1.5238598536503145,7,0,23,7,2,0,8,1,0,1,0,1,1,0,0,0,0,0,1,0,0,0,0,0,0,0,0,0,0
0.025773049790816734,1,0,24,7,3,0,7,1,0,1,0,0,1,0,0,0,0,0,0,0,1,0,1,0,0,0,0,0,0
-0.3109134529420209,6,0,24,7,3,0,19,3,0,0,1,0,0,0,0,1,1,0,0,0,0,1,0,0,0,1,0,0,1
1.0753065787537623,10,0,24,7,3,0,6,1,0,0,0,0,0,0,0,1,0,1,0,0,1,0,1,0,0,0,1,0,0
1.1614484352316095,10,0,24,7,3,0,15,2,1,0,1,0,1,0,0,0,0,0,1,0,1,0,0,0,1,0,0,0,1
-0.5775496186945648,8,0,24,7,3,0,21,3,0,0,0,0,0,1,0,0,0,0,0,0,0,1,0,0,0,0,0,0,0
0.6704193788707361,7,0,24,7,3,0,8,1,1,0,0,0,1,0,0,0,0,1,0,0,0,0,0,1,0,0,0,1,0
0.9380341533138797,4,0,24,7,3,0,10,1,0,0,1,0,1,0,0,0,0,0,1,1,0,0,0,0,1,0,0,0,0
0.5358676244004638,1,0,24,7,3,0,11,1,1,0,0,0,0,0,0,0,0,1,0,0,0,0,0,0,0,0,0,0,0
-1.201128098977924,1,0,24,7,3,0,12,2,0,0,0,0,1,0,0,0,0,0,1,0,1,0,0,0,0,0,0,0,1
1.2997619337465987,4,0,24,7,3,0,18,3,0,0,0,0,0,0,0,0,0,1,0,0,0,1,0,1,0,0,0,1,0
0.1368659576353693,5,1,24,7,3,0,22,3,1,0,0,0,0,0,0,1,0,1,0,0,0,0,0,0,0,1,0,1,0
-0.7492225687795308,7,0,25,7,4,0,12,2,0,0,0,0,0,0,1,0,1,0,0,0,0,0,0,0,1,0,0,0,1
-0.25630222966554783,4,0,25,7,4,0,22,3,1,0,0,0,0,0,0,0,1,0,0,0,1,0,0,1,0,0,1,0,0
-1.5948411145214803,10,0,25,7,4,0,18,3,0,0,0,1,1,0,0,0,0,0,1,1,0,0,0,1,0,0,0,1,0
-1.2830605499887597,1,0,25,7,4,0,5,0,1,0,0,0,1,0,0,0,0,0,0,0,1,0,0,0,0,1,0,1,0
0.9187812419115875,10,0,25,7,4,0,21,3,1,0,0,0,1,0,0,0,1,0,0,1,0,0,0,0,1,0,0,0,1
-1.7245275874874244,7,0,25,7,4,0,8,1,0,1,0,0,0,0,0,0,0,1,0,0,0,0,0,1,0,0,1,0,0
-0.286212259113341,2,0,25,7,4,0,9,1,0,0,0,0,0,0,1,0,1,0,0,0,1,0,0,0,0,1,1,0,0
0.07960346826096004,2,0,25,7,4,0,21,3,0,0,0,1,0,0,0,0,1,0,0,0,0,1,0,0,1,0,0,0,0
-1.5359233189576527,8,0,25,7,4,0,6,1,1,0,0,0,1,0,0,0,0,0,1,0,1,0,1,0,0,0,0,0,0
1.6353657204813257,10,0,25,7,4,0,20,3,1,0,0,1,0,0,1,0,1,0,0,0,0,0,0,0,0,0,0,0,1
-0.9437817752989085,10,0,25,7,4,0,19,3,1,0,0,0,0,1,0,0,1,0,0,1,0,0,0,0,0,1,1,0,0
-0.6742028429873982,10,0,26,7,5,1,11,1,1,0,1,0,0,0,0,0,0,1,0,0,1,0,0,0,0,0,0,0,1
-0.6750877551012383,5,0,26,7,5,1,17,2,1,0,1,0,0,0,0,0,1,0,0,1,0,0,1,0,0,0,0,0,0
-0.9289638351965674,10,0,26,7,5,1,8,1,1,0,0,1,0,0,1,0,0,1,0,0,0,0,0,1,0,0,0,0,1
-1.7194818533167444,2,0,26,7,5,1,20,3,1,0,1,0,0,0,0,1,1,0,0,0,1,0,0,1,0,0,0,0,1
0.7937795977836198,5,0,26,7,5,1,1,0,1,0,1,0,0,1,0,0,1,0,0,1,0,0,0,0,1,0,0,1,0
1.6138432697753031,8,0,26,7,5,1,3,0,0,1,0,0,0,0,1,0,0,0,0,0,1,0,0,0,0,1,0,1,0
-0.9501080293519688,6,0,26,7,5,1,9,1,0,1,0,0,1,0,0,0,1,0,0,0,0,0,0,0,0,1,0,1,0
0.5648615095421633,3,0,26,7,5,1,21,3,1,0,0,1,0,0,0,0,0,1,0,0,0,1,0,0,1,0,0,0,0
0.8371194699002794,8,0,26,7,5,1,12,2,0,0,0,0,0,0,0,0,0,1,0,0,1,0,0,0,0,0,0,0,1
1.2049514087967024,9,0,26,7,5,1,20,3,1,0,0,0,0,1,0,0,0,0,1,0,0,1,0,1,0,0,0,1,0
-0.26527627957296107,5,0,26,7,5,1,2,0,0,0,1,0,0,0,1,0,0,0,1,1,0,0,0,1,0,0,0,1,0
-0.6785822903900106,2,0,27,7,6,1,3,0,0,0,0,0,1,0,0,0,0,0,0,0,0,1,0,0,0,1,0,1,0
,2,0,27,7,6,1,22,3,0,1,0,1,0,0,0,0,0,1,0,0,0,1,0,0,0,1,0,0,0
0.7360347445510784,7,0,27,7,6,1,13,2,1,0,1,0,0,0,0,0,0,1,0,0,0,1,0,0,1,0,0,0,0
1.095683849077169,1,0,27,7,6,1,22,3,0,0,1,0,0,0,0,0,0,1,0,0,0,0,1,0,0,0,0,0,1
-1.0974753933767951,10,0,27,7,6,1,5,0,1,0,0,1,1,0,0,0,0,0,0,0,0,1,0,0,0,0,0,0,1
-0.4437509070819522,2,0,27,7,6,1,21,3,0,1,0,0,0,0,0,0,0,1,0,0,1,0,1,0,0,0,0,0,1
1.3897314688972515,10,0,27,7,6,1,6,1,1,0,0,0,0,1,0,0,0,0,1,0,0,1,1,0,0,0,0,1,0
1.0608564844712924,4,0,27,7,6,1,1,0,0,0,0,0,0,1,0,0,0,0,0,0,1,0,0,0,0,1,1,0,0
1.676040445525714,1,0,27,7,6,1,16,2,0,0,0,0,0,1,0,0,0,0,1,0,0,1,0,0,0,1,0,0,0
0.8797687635437853,4,0,27,7,6,1,1,0,0,0,1,0,1,0,0,0,0,0,1,0,0,0,0,0,0,1,0,1,0
-0.36690930340838446,10,0,27,7,6,1,4,0,1,0,0,1,0,0,0,1,0,0,0,1,0,0,1,0,0,0,0,1,0
0.3148408700683099,5,0,28,7,0,0,11,1,0,0,0,0,0,0,0,0,1,0,0,0,0,1,0,0,0,0,0,0,1
0.5578412067723658,9,1,28,7,0,0,12,2,1,0,0,0,0,0,1,0,1,0,0,0,0,1,0,0,0,1,0,0,1
-1.453668135293534,1,0,28,7,0,0,10,1,0,0,0,1,0,0,0,0,0,0,1,0,0,0,0,1,0,0,0,1,0
0.15551851689768367,5,0,28,7,0,0,21,3,1,0,0,0,0,0,0,0,1,0,0,0,0,1,0,0,0,0,0,0,0
0.7246384646222522,2,0,28,7,0,0,9,1,1,0,0,0,0,0,1,0,0,1,0,0,1,0,0,1,0,0,0,0,0
-1.1468257273803995,9,0,28,7,0,0,11,1,1,0,0,0,0,1,0,0,0,0,0,0,0,1,0,0,0,0,0,1,0
0.9708695981027204,6,0,28,7,0,0,0,0,1,0,0,1,0,1,0,0,0,0,1,0,0,1,0,0,0,1,1,0,0
0.291135636148148,2,0,28,7,0,0,7,1,1,0,1,0,0,0,0,0,0,1,0,1,0,0,0,0,1,0,1,0,0
1.563351225632666,3,0,28,7,0,0,0,0,1,0,1,0,0,0,0,0,1,0,0,1,0,0,0,0,0,1,0,0,0
-1.5780902487430257,8,0,28,7,0,0,19,3,1,0,0,1,0,0,1,0,0,1,0,0,0,1,1,0,0,0,0,0,1
-0.8084249243172206,1,0,28,7,0,0,10,1,0,0,0,0,0,0,1,0,1,0,0,0,0,0,1,0,0,0,1,0,0
0.3525311856307277,3,0,29,7,1,0,4,0,0,0,0,0,0,0,0,0,0,0,1,1,0,0,0,0,0,0,1,0,0
-0.7005801644669986,10,0,29,7,1,0,16,2,1,0,0,1,0,0,0,0,0,1,0,0,0,1,1,0,0,0,0,0,1
0.742260361540212,1,0,29,7,1,0,11,1,1,0,0,0,0,0,0,1,0,0,0,1,0,0,0,0,0,1,1,0,0
0.896193426425373,8,1,29,7,1,0,14,2,1,0,1,0,0,0,0,0,0,0,1,0,0,1,0,1,0,0,0,1,0
-1.3705939741436655,1,0,29,7,1,0,11,1,1,0,0,1,0,0,1,0,0,1,0,1,0,0,0,0,0,1,1,0,0
0.0497142602746694,5,0,29,7,1,0,17,2,0,0,1,0,0,0,1,0,0,1,0,1,0,0,0,0,0,0,0,0,1
0.03257472721484219,4,1,29,7,1,0,8,1,0,0,1,0,0,0,0,0,1,0,0,0,1,0,1,0,0,0,0,1,0
-0.4494837494822021,7,0,29,7,1,0,0,0,1,0,0,1,0,1,0,0,0,0,1,0,0,1,0,1,0,0,1,0,0
1.4967190785823035,5,0,29,7,1,0,5,0,1,0,0,1,0,0,0,1,0,0,1,0,0,1,0,0,1,0,0,0,0
1.132721758845854,8,0,29,7,1,0,4,0,1,0,0,0,0,0,0,0,0,0,1,0,0,1,0,1,0,0,0,1,0
0.6828185591952475,1,0,30,7,2,0,18,3,0,0,0,0,0,0,0,0,0,0,1,0,0,1,0,1,0,0,0,1,0
,5,0,30,7,2,0,9,1,0,1,0,0,0,1,0,0,1,0,0,1,0,0,0,0,0,1,0,0,0
-0.1303115661162298,4,1,30,7,2,0,17,2,1,0,1,0,1,0,0,0,0,0,0,0,0,0,0,0,1,0,0,0,0
1.4555272872439458,3,0,30,7,2,0,10,1,1,0,0,0,0,0,0,0,0,0,1,0,1,0,0,0,0,0,1,0,0
0.6737924556340794,5,0,30,7,2,0,17,2,0,0,1,0,1,0,0,0,1,0,0,0,0,0,0,0,0,0,1,0,0
0.7925233696063254,10,0,30,7,2,0,6,1,0,1,0,0,0,0,1,0,0,0,0,0,0,1,0,1,0,0,0,0,1
1.250755153857779,3,0,30,7,2,0,14,2,1,0,1,0,0,0,1,0,0,0,0,0,0,0,0,1,0,0,0,0,1
-0.7782303348955653,8,0,30,7,2,0,22,3,1,0,0,0,0,1,0,0,1,0,0,1,0,0,1,0,0,0,0,1,0
1.0621612960587583,3,0,30,7,2,0,19,3,1,0,1,0,0,0,0,1,0,0,1,0,0,0,0,0,1,0,0,0,0
,1,0,30,7,2,0,19,3,1,0,1,0,0,0,1,0,0,0,0,0,0,1,0,1,0,0,0,0,0
-0.5321414814020283,9,0,30,7,2,0,9,1,1,0,0,0,0,0,0,1,0,0,1,0,0,0,1,0,0,0,0,0,1
-0.5657438500228636,9,0,31,7,3,0,17,2,1,0,0,0,0,0,1,0,0,0,1,0,1,0,0,0,1,0,0,1,0
1.6541744407049062,6,0,31,7,3,0,22,3,1,0,1,0,0,1,0,0,0,1,0,0,0,1,0,0,0,0,0,1,0
1.2329632150042187,10,0,31,7,3,0,5,0,1,0,0,0,1,0,0,0,0,0,1,1,0,0,1,0,0,0,0,0,1
0.6964947891585558,1,0,31,7,3,0,21,3,0,0,0,0,0,0,0,1,0,1,0,0,0,1,0,0,1,0,0,0,1
0.7858778531435662,8,0,31,7,3,0,0,0,1,0,0,1,0,0,0,1,0,0,0,1,0,0,1,0,0,0,0,0,1
0.21620613668919136,2,0,31,7,3,0,10,1,1,0,1,0,0,0,0,0,1,0,0,0,1,0,0,1,0,0,1,0,0
1.545632161894363,9,0,31,7,3,0,17,2,1,0,0,1,0,0,0,1,0,1,0,1,0,0,0,0,0,1,0,1,0
-0.011042764388511954,8,0,31,7,3,0,7,1,1,0,0,0,0,0,0,1,1,0,0,0,0,1,0,0,0,0,0,1,0
-0.4106829559730046,3,0,31,7,3,0,16,2,0,1,0,0,0,1,0,0,0,0,0,0,0,1,0,1,0,0,0,1,0
-1.161626316264822,5,0,31,7,3,0,7,1,1,0,0,1,0,0,0,0,0,0,1,0,0,1,0,1,0,0,0,0,1
0.9901155690178451,9,0,31,7,3,0,3,0,1,0,1,0,0,0,0,1,0,0,0,1,0,0,0,0,1,0,0,0,1
0.8113876137272449,1,0,1,8,4,0,18,3,0,0,1,0,0,0,0,1,1,0,0,1,0,0,1,0,0,0,0,0,1
-0.39743356597048995,9,0,1,8,4,0,13,2,1,0,0,0,0,0,1,0,0,0,0,1,0,0,0,0,0,0,0,0,1
-1.6375806344981618,4,0,1,8,4,0,4,0,0,1,0,0,0,0,0,0,0,0,1,0,1,0,0,1,0,0,0,0,0
1.1723970537381405,4,0,1,8,4,0,1,0,1,0,0,0,0,0,0,0,0,0,0,0,0,0,0,0,1,0,0,0,1
-1.6851437930561677,4,0,1,8,4,0,8,1,1,0,0,0,0,0,0,0,0,0,1,0,0,0,0,0,0,0,1,0,0
0.7052293922586945,10,0,1,8,4,0,15,2,1,0,0,0,1,0,0,0,0,1,0,0,0,1,1,0,0,0,0,0,0
1.625624746741918,9,0,1,8,4,0,20,3,1,0,0,0,1,0,0,0,1,0,0,0,1,0,0,1,0,0,0,0,0
-0.21337184629176376,6,0,1,8,4,0,8,1,0,0,0,1,1,0,0,0,0,0,1,1,0,0,0,1,0,0,0,0,1
-0.9132297507881335,8,0,1,8,4,0,1,0,0,0,0,0,0,0,0,0,0,0,1,0,0,1,0,1,0,0,0,1,0
0.7092756962772727,4,0,1,8,4,0,3,0,1,0,1,0,0,0,0,0,0,0,0,0,1,0,0,0,0,0,0,0,1
1.0968880236007081,3,1,1,8,4,0,5,0,1,0,0,1,0,0,0,0,0,1,0,0,0,1,0,0,0,0,0,1,0
0.1621952655526962,1,0,2,8,5,1,12,2,0,0,1,0,0,0,0,0,0,0,1,0,1,0,0,0,0,0,0,0,1
1.6144991458126197,10,0,2,8,5,1,18,3,0,1,0,0,0,0,0,0,0,1,0,0,1,0,0,0,0,0,0,0,1
-1.546164007773111,7,0,2,8,5,1,0,0,1,0,1,0,1,0,0,0,0,1,0,0,0,0,0,0,1,0,0,1,0
0.0184369548549039,4,0,2,8,5,1,6,1,1,0,1,0,0,0,0,1,0,0,0,0,0,1,0,0,0,1,0,1,0
0.7561760383107943,8,0,2,8,5,1,14,2,1,0,1,0,0,1,0,0,0,0,1,1,0,0,0,0,1,0,0,1,0
1.2540345340443628,3,0,2,8,5,1,6,1,0,0,1,0,0,0,0,1,0,0,0,0,0,0,0,1,0,0,0,1,0
-1.105620055067707,1,0,2,8,5,1,18,3,1,0,0,1,0,0,0,0,1,0,0,0,0,0,0,0,1,0,1,0,0
1.0377550729346918,5,0,2,8,5,1,0,0,1,0,1,0,1,0,0,0,1,0,0,1,0,0,1,0,0,0,0,1,0
0.18387040697640145,2,0,2,8,5,1,16,2,0,0,0,0,1,0,0,0,0,0,1,0,1,0,0,0,0,0,0,0,1
-0.35531174935170445,3,0,2,8,5,1,5,0,1,0,1,0,1,0,0,0,0,1,0,0,0,0,1,0,0,0,0,0,1
-1.2697729873068246,6,0,2,8,5,1,2,0,1,0,0,0,0,0,0,0,0,0,1,0,0,1,1,0,0,0,1,0,0
1.2632029175924624,3,0,3,8,6,1,13,2,1,0,0,1,0,1,0,0,0,0,1,1,0,0,0,1,0,0,0,1,0
-1.181521222730096,3,0,3,8,6,1,13,2,1,0,0,0,1,0,0,0,1,0,0,0,1,0,0,0,0,0,0,0,1
-0.6549048184185183,6,0,3,8,6,1,20,3,1,0,0,0,0,1,0,0,1,0,0,1,0,0,1,0,0,0,1,0,0
-0.7230742833764539,5,0,3,8,6,1,15,2,1,0,0,1,1,0,0,0,0,1,0,0,1,0,0,1,0,0,0,0,1
1.2843297605299449,10,0,3,8,6,1,20,3,1,0,1,0,0,0,0,0,0,1,0,0,1,0,0,0,0,0,1,0,0
0.5982001396506387,9,0,3,8,6,1,11,1,1,0,0,0,1,0,0,0,0,0,1,0,0,0,0,0,0,1,1,0,0
1.0262859178906083,1,0,3,8,6,1,15,2,0,0,0,0,0,0,0,0,0,0,0,1,0,0,0,1,0,0,0,0,0
-0.8597290054584403,3,0,3,8,6,1,11,1,0,0,0,1,0,0,0,1,0,0,1,1,0,0,0,0,1,0,0,0,0
0.43305471774658677,3,0,3,8,6,1,10,1,0,0,0,0,1,0,0,0,0,1,0,0,0,1,0,0,0,0,0,1,0
0.2496072311821729,6,0,3,8,6,1,5,0,1,0,0,1,0,0,0,0,0,0,0,0,1,0,1,0,0,0,0,0,0
1.1511036391086407,8,0,3,8,6,1,11,1,1,0,0,0,0,0,0,0,1,0,0,1,0,0,1,0,0,0,1,0,0
1.4040531641671254,3,1,4,8,0,0,12,2,1,0,1,0,1,0,0,0,0,1,0,0,0,1,0,0,1,0,0,0,1
-1.6825931640221579,3,1,4,8,0,0,10,1,1,0,0,1,0,0,0,0,0,1,0,0,1,0,0,0,1,0,0,0,1
0.6027496289888514,6,0,4,8,0,0,14,2,0,0,0,0,1,0,0,0,0,0,0,0,0,1,1,0,0,0,0,1,0
-1.5455844770946356,8,0,4,8,0,0,3,0,1,0,0,0,0,0,1,0,0,1,0,1,0,0,0,0,0,0,0,0,0
,6,0,4,8,0,0,14,2,1,0,0,0,0,0,0,1,0,1,0,0,0,1,0,1,0,0,0,1,0
-0.7314028679773011,10,0,4,8,0,0,12,2,1,0,1,0,0,0,0,1,0,1,0,0,0,0,0,0,1,0,1,0,0
-0.6653016681952427,3,0,4,8,0,0,1,0,0,0,1,0,0,0,0,0,0,1,0,0,1,0,0,0,1,0,0,0,0
-0.5058405052812692,4,0,4,8,0,0,15,2,1,0,1,0,1,0,0,0,0,1,0,0,0,0,0,0,1,0,0,1,0
0.4206867696143283,1,0,4,8,0,0,13,2,0,0,0,0,1,0,0,0,0,1,0,0,0,0,0,0,0,1,0,0,1
-0.571129668064745,8,0,4,8,0,0,14,2,1,0,0,0,0,1,0,0,0,1,0,0,1,0,0,0,0,0,0,0,1
0.8053632708659652,4,0,4,8,0,0,7,1,0,0,0,0,0,0,0,0,0,1,0,0,0,0,0,0,0,0,0,1,0
-0.3277788367587366,6,0,5,8,1,0,3,0,0,0,0,0,1,0,0,0,1,0,0,0,0,1,0,0,0,0,0,1,0
-1.4885544940403335,3,0,5,8,1,0,1,0,1,0,1,0,1,0,0,0,0,1,0,0,1,0,0,0,0,0,0,1,0
0.9816689961351525,6,0,5,8,1,0,3,0,1,0,0,1,0,0,0,0,1,0,0,0,0,0,0,0,0,0,1,0,0
-0.7378748722608762,9,0,5,8,1,0,10,1,1,0,1,0,0,0,1,0,1,0,0,0,0,0,1,0,0,0,1,0,0
-0.23027193254431644,9,0,5,8,1,0,11,1,1,0,0,0,0,0,0,1,0,0,1,1,0,0,0,0,1,0,0,0,1
0.6421958878046147,10,0,5,8,1,0,12,2,0,0,0,1,0,0,0,1,0,0,1,0,0,0,1,0,0,0,1,0,0
-0.5766334743884716,3,0,5,8,1,0,16,2,0,0,1,0,0,0,0,0,1,0,0,0,0,0,0,0,0,1,1,0,0
-1.5291841059181337,3,0,5,8,1,0,3,0,0,0,0,1,0,0,0,0,1,0,0,1,0,0,0,1,0,0,0,0,0
-0.433461634856322,4,0,5,8,1,0,21,3,0,0,1,0,0,0,1,0,0,1,0,1,0,0,0,0,1,0,1,0,0
1.5365088915128515,7,0,5,8,1,0,0,0,1,0,0,0,0,0,0,1,0,0,1,0,0,1,0,0,0,1,0,0,0
0.4912715241065098,3,0,6,8,2,0,12,2,1,0,0,0,0,0,0,0,0,0,0,0,0,0,1,0,0,0,1,0,0
,10,0,6,8,2,0,12,2,0,0,1,0,0,1,0,0,0,0,1,0,0,1,0,1,0,0,0,0,1
0.4586338832019392,8,0,6,8,2,0,21,3,1,0,0,0,0,0,0,0,1,0,0,0,0,0,0,0,0,1,0,1,0
-1.0374714115712735,8,0,6,8,2,0,8,1,0,0,0,0,1,0,0,0,1,0,0,0,0,0,0,1,0,0,0,0,1
-0.28010810064963665,6,1,6,8,2,0,14,2,1,0,1,0,0,0,1,0,0,1,0,0,0,1,0,0,0,1,1,0,0
0.8683447216662897,4,0,6,8,2,0,9,1,1,0,1,0,0,1,0,0,0,1,0,0,1,0,1,0,0,0,0,1,0
-1.3745396410983168,5,1,6,8,2,0,15,2,0,1,1,0,0,0,0,0,0,0,1,0,0,1,0,1,0,0,0,1,0
-0.7651718082901534,2,0,6,8,2,0,4,0,1,0,0,0,1,0,0,0,0,1,0,0,1,0,0,0,0,1,0,1,0
-0.7704673999988588,6,0,6,8,2,0,18,3,0,1,0,0,0,0,0,0,0,0,0,1,0,0,1,0,0,0,0,0,0
-0.23285379377057897,3,0,6,8,2,0,9,1,0,1,1,0,0,1,0,0,0,0,0,0,0,0,0,0,1,0,0,0,1
1.6605388674373869,6,0,6,8,2,0,18,3,0,0,0,1,0,0,0,1,0,1,0,1,0,0,1,0,0,0,0,0,0
-1.4914903201121321,5,0,7,8,3,0,0,0,0,0,1,0,0,0,0,0,0,0,0,0,0,0,1,0,0,0,0,1,0
0.06644777483520496,2,0,7,8,3,0,4,0,1,0,0,1,0,0,0,1,0,0,0,1,0,0,0,0,1,0,0,0,1
-1.1052417985170853,5,0,7,8,3,0,2,0,0,0,1,0,1,0,0,0,0,0,1,0,0,0,1,0,0,0,0,0,1
1.6270718383163152,5,0,7,8,3,0,0,0,1,0,1,0,0,0,0,0,0,0,0,0,0,1,0,0,1,0,1,0,0
-1.3333443795163757,9,0,7,8,3,0,16,2,1,0,0,0,0,0,1,0,1,0,0,0,0,0,0,0,1,0,0,0,0
-0.3309784013428955,8,0,7,8,3,0,4,0,0,0,1,0,0,0,0,0,1,0,0,0,0,0,0,0,1,0,0,0,0
0.8232697277577871,7,0,7,8,3,0,6,1,1,0,1,0,0,1,0,0,0,0,1,1,0,0,0,0,0,1,1,0,0
0.7081825695484113,3,0,7,8,3,0,9,1,1,0,1,0,0,1,0,0,0,1,0,1,0,0,0,1,0,0,0,0,0
,10,0,7,8,3,0,12,2,1,0,0,0,0,0,0,0,0,0,1,1,0,0,0,0,0,1,0,1,0
-0.5280570047040295,4,0,7,8,3,0,1,0,1,0,1,0,1,0,0,0,0,1,0,0,1,0,0,0,1,0,0,1,0
-0.3516575828580828,6,0,7,8,3,0,20,3,0,0,0,0,0,0,0,1,0,1,0,0,1,0,0,1,0,0,0,0,0
,3,0,8,8,4,0,9,1,1,0,1,0,0,0,0,1,0,1,0,0,0,0,0,1,0,0,1,0,0
,9,0,8,8,4,0,8,1,0,1,0,0,1,0,0,0,0,1,0,0,0,0,0,0,1,0,0,0,1
-0.05668687824473932,8,0,8,8,4,0,6,1,0,0,0,1,0,0,0,0,0,1,0,0,0,1,0,1,0,0,0,0,0
-0.7973513770416774,6,0,8,8,4,0,18,3,0,0,0,0,1,0,0,0,0,0,1,0,0,1,0,1,0,0,0,0,1
,4,0,8,8,4,0,5,0,1,0,0,0,0,0,1,0,0,1,0,0,0,0,0,0,0,1,1,0,0
0.5431377847082867,7,0,8,8,4,0,6,1,0,0,0,0,0,0,0,1,0,0,0,0,1,0,0,1,0,0,0,0,1
1.619687159970231,3,0,8,8,4,0,3,0,1,0,1,0,1,0,0,0,0,0,0,0,0,0,0,0,1,0,1,0,0
0.35972500057970946,10,0,8,8,4,0,0,0,0,0,0,0,1,0,0,0,0,1,0,0,0,1,0,0,0,0,1,0,0
-1.4587659231179693,8,0,8,8,4,0,8,1,1,0,0,0,1,0,0,0,0,0,0,0,1,0,0,0,0,0,0,1,0
-1.4635860914557095,1,0,8,8,4,0,5,0,0,0,1,0,0,0,0,1,1,0,0,0,1,0,0,0,0,0,0,1,0
1.5605923819836351,3,0,8,8,4,0,3,0,0,1,0,0,0,0,0,1,0,0,1,0,0,1,0,0,1,0,1,0,0
-0.6980572973816586,5,0,9,8,5,1,1,0,1,0,0,1,0,0,1,0,0,0,1,0,0,0,0,0,0,0,0,0,0
-1.4066706264396691,5,0,9,8,5,1,20,3,1,0,0,1,0,0,1,0,0,1,0,1,0,0,0,0,0,1,0,1,0
0.3438659874022627,10,0,9,8,5,1,7,1,0,0,1,0,1,0,0,0,0,1,0,0,0,0,0,0,1,0,1,0,0
0.4288244908180732,2,0,9,8,5,1,21,3,0,0,0,0,1,0,0,0,1,0,0,0,0,0,0,0,1,0,0,0,1
0.5146470848862212,10,0,9,8,5,1,2,0,0,0,1,0,0,0,0,0,0,1,0,0,0,1,0,0,1,0,0,0,1
-0.8012588713169082,8,0,9,8,5,1,1,0,1,0,0,0,0,1,0,0,0,0,0,0,1,0,0,1,0,0,0,0,0
-1.6723941181297035,5,0,9,8,5,1,1,0,1,0,0,0,1,0,0,0,1,0,0,0,0,1,0,1,0,0,0,0,1
1.6075239562094097,7,0,9,8,5,1,2,0,0,1,0,0,0,0,1,0,0,0,0,0,0,0,0,1,0,0,0,0,1
-0.858261092422541,7,0,9,8,5,1,19,3,0,0,0,1,0,0,0,0,0,0,1,1,0,0,1,0,0,0,1,0,0
,5,0,9,8,5,1,11,1,0,0,0,0,0,0,0,0,0,0,0,1,0,0,0,0,0,1,0,0,1
0.7153486225487239,8,0,9,8,5,1,4,0,1,0,1,0,0,0,0,1,0,0,1,1,0,0,0,0,1,0,0,0,1
0.38171940441311386,9,0,10,8,6,1,14,2,0,0,1,0,0,0,1,0,0,0,0,0,0,1,0,0,1,0,0,0,1
-0.6441331823347557,4,0,10,8,6,1,15,2,1,0,0,0,0,0,0,0,0,0,1,0,1,0,0,1,0,0,0,0,1
-0.788502255903277,4,0,10,8,6,1,22,3,0,0,0,0,1,0,0,0,0,1,0,0,0,1,0,0,1,0,1,0,0
0.33911522393619614,8,0,10,8,6,1,16,2,0,0,0,1,0,0,1,0,0,0,0,1,0,0,0,0,1,0,0,0,1
1.2659652314850764,1,0,10,8,6,1,7,1,1,0,1,0,0,0,0,0,0,0,1,0,0,0,0,0,0,0,0,0,0
1.5444002254221545,4,0,10,8,6,1,15,2,1,0,1,0,0,0,1,0,0,0,0,0,1,0,0,0,1,0,0,1,0
-1.3588888425358912,6,0,10,8,6,1,22,3,1,0,0,0,1,0,0,0,1,0,0,0,0,1,1,0,0,0,0,0,0
-1.189964325369205,4,0,10,8,6,1,7,1,0,0,0,0,1,0,0,0,0,1,0,0,0,1,0,1,0,0,0,1,0
1.5375048514213692,6,0,10,8,6,1,19,3,1,0,0,0,0,0,1,0,0,0,1,0,1,0,0,0,0,1,0,0,0
0.8186091906248961,5,0,10,8,6,1,11,1,0,0,0,0,0,0,1,0,1,0,0,0,1,0,0,0,0,1,0,1,0
1.32431390710118,9,0,10,8,6,1,20,3,1,0,0,0,0,0,0,0,0,0,0,0,0,0,0,0,0,0,0,1,0
-1.0249021893111616,10,0,11,8,0,0,21,3,0,0,0,1,0,0,1,0,1,0,0,0,1,0,0,0,0,1,0,1,0
0.304301740304654,9,0,11,8,0,0,6,1,0,0,0,0,0,0,1,0,0,0,0,0,0,0,0,0,0,1,0,1,0
0.6963906818510451,4,0,11,8,0,0,20,3,1,0,0,0,0,0,0,0,0,1,0,1,0,0,0,1,0,0,1,0,0
0.6237827753495746,4,0,11,8,0,0,5,0,1,0,1,0,1,0,0,0,1,0,0,1,0,0,0,1,0,0,0,0,0
-0.3152651383959636,8,0,11,8,0,0,13,2,0,0,1,0,0,1,0,0,0,1,0,0,0,1,1,0,0,0,0,1,0
-1.6714120391955203,10,0,11,8,0,0,22,3,0,0,0,0,0,0,0,0,0,0,1,1,0,0,0,0,0,0,0,0,0
0.2882102208071003,4,0,11,8,0,0,1,0,0,0,1,0,0,1,0,0,0,0,0,1,0,0,0,0,0,1,0,0,1
-0.8506369672691819,2,0,11,8,0,0,1,0,1,0,0,0,0,0,0,0,0,0,0,0,0,0,1,0,0,0,0,1,0
-0.16988969418817318,2,0,11,8,0,0,8,1,0,0,0,0,0,0,1,0,0,1,0,0,0,1,0,0,0,0,0,0,0
1.5818545644208817,1,0,11,8,0,0,2,0,1,0,0,0,0,1,0,0,0,1,0,0,1,0,0,0,0,1,1,0,0
-0.3467437179435828,5,0,11,8,0,0,3,0,0,0,0,1,0,0,1,0,0,0,1,0,0,1,0,0,0,1,0,0,0
1.1751767188486735,6,0,12,8,1,0,5,0,0,1,0,0,1,0,0,0,1,0,0,1,0,0,0,1,0,0,0,1,0
-1.0735584745980284,9,0,12,8,1,0,10,1,1,0,0,0,0,0,0,0,0,0,0,0,1,0,0,0,1,0,0,0,1
0.59736381094697,5,0,12,8,1,0,4,0,1,0,0,0,0,1,0,0,0,0,0,0,0,1,0,0,0,0,0,0,0
1.6489309026499557,6,0,12,8,1,0,11,1,1,0,0,1,0,0,0,0,0,0,1,0,0,1,0,0,0,1,0,0,1
-1.372742054921967,6,0,12,8,1,0,9,1,1,0,0,0,0,0,0,1,0,0,1,0,0,1,0,0,0,0,1,0,0
-1.6958425540246727,3,0,12,8,1,0,12,2,1,0,0,0,0,0,0,0,0,1,0,0,0,1,1,0,0,0,0,0,0
-0.22745409475436312,4,0,12,8,1,0,9,1,1,0,0,0,0,0,0,1,0,1,0,0,0,0,1,0,0,0,0,0,0
-1.4047446412507232,1,0,12,8,1,0,5,0,0,0,0,0,0,0,1,0,1,0,0,0,0,1,0,0,1,0,1,0,0
0.8595198922329751,4,0,12,8,1,0,6,1,1,0,1,0,0,1,0,0,0,0,1,1,0,0,0,0,0,1,1,0,0
1.4332691448981814,1,0,12,8,1,0,8,1,1,0,1,0,0,0,1,0,1,0,0,1,0,0,0,1,0,0,1,0,0
-0.22594106855187565,5,0,13,8,2,0,2,0,1,0,0,0,0,0,0,1,0,0,1,0,0,0,0,0,0,1,0,1,0
-0.8312660675850445,8,0,13,8,2,0,1,0,1,0,0,0,0,0,0,0,0,0,0,0,1,0,0,0,0,0,0,1,0
-0.22462237599007476,8,0,13,8,2,0,13,2,0,0,0,0,0,0,0,0,0,0,1,0,1,0,1,0,0,0,0,0,0
0.7734196786781321,5,0,13,8,2,0,9,1,0,1,0,0,1,0,0,0,0,0,1,1,0,0,0,0,0,0,0,0,0
-1.693305805964998,10,0,13,8,2,0,21,3,1,0,0,0,0,0,0,0,0,0,0,1,0,0,0,0,1,0,0,0,0
0.3107529231267271,2,0,13,8,2,0,13,2,0,0,1,0,0,0,0,0,0,0,1,0,0,0,1,0,0,0,0,0,1
0.39306016044460107,6,1,13,8,2,0,15,2,0,0,0,1,0,0,0,1,1,0,0,0,1,0,0,1,0,0,1,0,0
0.4773003234385883,1,0,13,8,2,0,19,3,1,0,0,1,0,0,0,0,0,1,0,0,0,0,1,0,0,0,0,0,0
-0.8888929325357408,7,0,13,8,2,0,8,1,1,0,0,1,0,0,1,0,0,1,0,0,0,1,0,0,0,1,1,0,0
0.7409763714142478,4,0,13,8,2,0,12,2,1,0,1,0,0,0,0,1,1,0,0,0,0,0,0,0,0,1,0,1,0
-1.4090026301279064,5,0,13,8,2,0,7,1,1,0,1,0,1,0,0,0,0,0,0,0,0,1,1,0,0,0,1,0,0
-1.0365101540985926,6,0,14,8,3,0,3,0,0,0,0,0,0,0,1,0,0,0,1,0,0,0,0,0,1,0,0,0,1
1.3052414483652393,1,0,14,8,3,0,3,0,1,0,1,0,0,1,0,0,1,0,0,1,0,0,0,0,0,1,0,0,1
0.8261639109065815,9,0,14,8,3,0,12,2,0,1,0,0,0,1,0,0,0,1,0,0,0,0,0,0,0,1,1,0,0
-1.6771067089163496,10,1,14,8,3,0,19,3,0,0,0,0,0,0,0,0,0,1,0,0,1,0,0,1,0,0,0,0,1
-0.8669540525996753,4,0,14,8,3,0,5,0,0,0,1,0,0,0,1,0,1,0,0,1,0,0,1,0,0,0,0,0,1
-0.9842482857282754,8,0,14,8,3,0,10,1,0,0,0,0,0,1,0,0,0,1,0,0,0,1,0,0,0,1,0,1,0
-0.7895051562989625,5,0,14,8,3,0,18,3,1,0,0,0,0,0,0,0,1,0,0,0,0,0,0,0,1,0,0,0,0
-0.8697718903896288,8,0,14,8,3,0,4,0,1,0,0,1,0,0,0,0,0,1,0,0,0,0,0,0,0,0,0,0,1
-1.5086714960949632,1,0,14,8,3,0,9,1,0,0,0,0,0,0,0,0,1,0,0,0,0,1,1,0,0,0,0,0,0
-0.1398963788943716,8,0,14,8,3,0,10,1,0,1,0,0,0,0,0,0,0,0,1,0,0,0,0,1,0,0,1,0,0
,4,0,14,8,3,0,14,2,0,0,0,1,0,0,0,1,0,0,1,0,0,0,0,0,0,1,1,0,0
0.37040988057387986,2,0,15,8,4,0,18,3,0,0,1,0,0,1,0,0,0,0,1,0,1,0,0,0,1,0,0,0,1
0.5987831405726978,6,0,15,8,4,0,20,3,0,0,1,0,1,0,0,0,0,0,1,1,0,0,1,0,0,0,1,0,0
,2,1,15,8,4,0,13,2,0,1,0,0,0,0,1,0,0,1,0,0,1,0,0,0,1,0,0,1,0
1.560824888303742,5,0,15,8,4,0,15,2,1,0,0,0,0,0,0,0,0,0,0,0,1,0,0,0,1,0,0,0,1
1.170651521215546,2,0,15,8,4,0,3,0,1,0,0,1,0,0,1,0,1,0,0,0,0,1,0,1,0,0,0,0,1
1.0553214459553124,3,0,15,8,4,0,7,1,1,0,1,0,0,0,1,0,0,0,0,0,0,0,1,0,0,0,0,0,1
1.1171056627192653,6,0,15,8,4,0,6,1,1,0,1,0,0,1,0,0,0,1,0,0,1,0,0,0,0,1,1,0,0
1.495979916698978,1,0,15,8,4,0,19,3,0,0,0,0,1,0,0,0,0,1,0,0,1,0,0,1,0,0,1,0,0
0.1546821881940153,6,0,15,8,4,0,6,1,0,0,0,0,0,0,0,0,0,0,0,0,1,0,0,0,0,1,0,0,1
-1.0330156188098203,3,0,15,8,4,0,19,3,1,0,0,1,0,0,0,0,0,0,0,0,0,0,0,0,0,0,0,0,0
0.4051192568979113,7,0,15,8,4,0,21,3,0,0,0,0,0,0,0,0,0,1,0,0,0,0,0,0,1,0,1,0,0
0.8405203086122921,2,0,16,8,5,1,4,0,0,0,1,0,0,0,1,0,0,1,0,0,0,1,0,0,0,0,1,0,0
0.8233807755524649,6,0,16,8,5,1,22,3,1,0,0,0,0,0,0,1,1,0,0,0,0,0,0,0,1,0,0,0,1
0.07593889103658738,8,0,16,8,5,1,20,3,0,0,1,0,1,0,0,0,0,0,1,0,0,0,0,1,0,0,0,0,0
-1.4881901184640463,1,0,16,8,5,1,14,2,1,0,0,1,0,0,0,1,0,0,1,0,0,0,0,0,0,1,0,0,1
-0.4431574954291418,9,0,16,8,5,1,22,3,1,0,1,0,1,0,0,0,1,0,0,0,0,1,0,0,0,1,1,0,0
1.4547395419504487,5,0,16,8,5,1,6,1,1,0,0,0,0,0,1,0,0,0,0,0,1,0,0,1,0,0,0,0,1
0.2934711100799691,5,0,16,8,5,1,12,2,1,0,1,0,0,0,0,0,0,1,0,1,0,0,1,0,0,0,0,0,1
0.13423204275535128,5,0,16,8,5,1,17,2,0,0,1,0,0,0,0,1,0,0,0,0,0,0,0,0,0,0,0,0,1
-0.796247839582065,6,0,16,8,5,1,20,3,0,1,0,0,0,1,0,0,0,0,1,1,0,0,0,0,0,0,0,0,0
-0.45235364092591074,2,0,16,8,5,1,12,2,0,0,0,1,0,0,0,0,0,0,1,0,0,0,0,0,0,1,0,0,1
1.3669632007446855,6,0,16,8,5,1,16,2,1,0,1,0,1,0,0,0,0,0,0,0,0,1,0,0,0,1,1,0,0
0.5766568674831136,4,1,17,8,6,1,10,1,1,0,0,1,1,0,0,0,0,0,1,1,0,0,0,0,0,1,0,0,1
0.9941931052286767,8,0,17,8,6,1,22,3,0,0,1,0,1,0,0,0,0,1,0,0,1,0,0,1,0,0,0,0,0
-0.15576233255898586,9,0,17,8,6,1,3,0,0,0,0,0,0,0,0,1,1,0,0,0,1,0,1,0,0,0,0,1,0
0.45160663994497424,9,0,17,8,6,1,15,2,1,0,0,0,1,0,0,0,0,0,0,0,0,0,0,0,0,0,0,0,0
-0.8669262906510058,8,0,17,8,6,1,2,0,1,0,0,0,1,0,0,0,0,1,0,0,1,0,0,0,1,0,0,0,1
0.7113127292608966,3,0,17,8,6,1,19,3,0,0,0,1,0,0,0,0,0,1,0,1,0,0,0,1,0,0,0,1,0
-0.24810898456446437,10,0,17,8,6,1,9,1,1,0,1,0,0,0,0,0,0,0,1,0,0,1,0,0,0,0,0,0,1
-0.19650646247504777,4,0,17,8,6,1,12,2,1,0,1,0,0,0,0,0,0,1,0,0,0,0,1,0,0,0,0,0,0
0.517471863163342,1,0,17,8,6,1,16,2,1,0,0,0,0,0,0,0,0,0,0,1,0,0,0,1,0,0,0,1,0
1.5083062219082322,9,0,17,8,6,1,8,1,1,0,0,0,0,1,0,0,0,1,0,0,0,0,0,0,0,0,0,1,0
-1.503563297539777,5,0,17,8,6,1,15,2,0,0,1,0,0,1,0,0,1,0,0,0,0,1,0,1,0,0,0,0,1
1.1231820592343003,6,0,18,8,0,0,9,1,0,1,0,0,0,0,0,0,0,1,0,0,0,0,0,0,0,0,0,0,1
-0.7150024968007992,3,0,18,8,0,0,7,1,1,0,0,0,0,0,0,1,0,1,0,0,1,0,0,0,0,0,0,0,0
-0.19176263949614844,10,0,18,8,0,0,10,1,1,0,1,0,0,0,0,0,1,0,0,0,1,0,1,0,0,0,0,0,1
-1.6489040393117305,8,0,18,8,0,0,7,1,1,0,0,0,0,0,1,0,0,1,0,0,0,0,0,0,1,0,0,1,0
-0.6850889971094225,7,0,18,8,0,0,7,1,1,0,0,0,0,0,0,0,0,1,0,0,0,1,1,0,0,0,1,0,0
0.01096205017564342,1,0,18,8,0,0,16,2,1,0,0,0,0,0,1,0,0,0,1,0,0,0,0,0,0,0,1,0,0
-1.5305999653002778,10,0,18,8,0,0,12,2,0,0,0,0,0,0,1,0,0,0,0,0,1,0,0,1,0,0,0,0,0
-0.028869405677909236,5,0,18,8,0,0,11,1,1,0,0,1,1,0,0,0,0,0,1,0,0,1,1,0,0,0,0,0,1
1.4766437194506776,10,0,18,8,0,0,4,0,1,0,0,0,0,0,1,0,0,0,0,0,0,0,0,0,1,0,0,0,0
-1.3606586667635712,9,0,18,8,0,0,7,1,1,0,0,0,0,0,0,0,1,0,0,1,0,0,0,0,0,0,1,0,0
0.9149639739695324,6,0,18,8,0,0,10,1,1,0,0,0,0,0,0,0,1,0,0,0,0,0,1,0,0,0,1,0,0
-0.31001813009742984,8,0,19,8,1,0,18,3,0,0,1,0,0,0,0,0,1,0,0,0,1,0,1,0,0,0,0,0,1
0.5376756213075641,10,0,19,8,1,0,16,2,1,0,0,0,0,0,0,0,0,0,0,0,1,0,1,0,0,0,0,1,0
-0.8260017080685922,1,0,19,8,1,0,20,3,0,1,1,0,1,0,0,0,0,0,0,0,1,0,1,0,0,0,0,0,1
-1.1738589248973164,10,0,19,8,1,0,13,2,1,0,0,0,0,0,0,0,0,0,0,0,0,1,0,1,0,0,1,0,0
-1.170510139839059,7,0,19,8,1,0,19,3,1,0,0,0,0,0,0,1,1,0,0,0,0,0,0,0,1,0,0,1,0
,3,0,19,8,1,0,6,1,0,0,0,0,1,0,0,0,0,0,0,1,0,0,0,0,1,0,0,0,0
-1.083552776119045,9,0,19,8,1,0,18,3,0,1,0,1,1,0,0,0,0,1,0,0,0,0,0,0,0,0,1,0,0
0.5689078135607416,6,0,19,8,1,0,4,0,1,0,0,1,1,0,0,0,0,0,1,0,0,0,0,0,0,1,0,0,0
1.3198130011731382,5,0,19,8,1,0,21,3,0,0,0,0,0,0,0,0,1,0,0,0,0,0,0,1,0,0,0,1,0
1.0865189357726532,8,1,19,8,1,0,9,1,1,0,1,0,0,0,0,0,0,0,1,0,1,0,0,0,0,0,0,0,0
0.6411270527808394,8,0,20,8,2,0,15,2,1,0,0,1,0,0,1,0,0,1,0,1,0,0,0,0,0,0,1,0,0
-1.3432588654349675,3,0,20,8,2,0,7,1,1,0,0,0,1,0,0,0,0,0,0,0,0,0,1,0,0,0,0,0,1
-0.7260344011533383,2,0,20,8,2,0,8,1,0,0,0,1,0,0,0,0,0,0,1,0,0,0,0,0,0,1,0,0,0
-0.6548388837904282,2,0,20,8,2,0,17,2,0,0,0,0,0,0,0,0,0,1,0,0,0,1,0,0,0,1,1,0,0
-0.8614953594425366,5,0,20,8,2,0,3,0,1,0,0,1,0,0,0,0,0,1,0,0,0,0,0,1,0,0,1,0,0
0.05369115942157403,10,0,20,8,2,0,8,1,1,0,1,0,0,0,0,0,0,0,1,0,1,0,0,0,0,1,0,1,0
0.12464028949004229,7,0,20,8,2,0,22,3,0,0,0,1,0,0,0,1,1,0,0,1,0,0,0,0,0,0,1,0,0
,8,0,20,8,2,0,20,3,1,0,1,0,0,1,0,0,0,0,1,0,0,0,0,0,0,1,0,0,1
-0.5029740840811443,10,0,20,8,2,0,7,1,1,0,0,0,0,0,1,0,1,0,0,0,0,1,0,0,0,1,0,0,1
1.136344693147222,8,0,20,8,2,0,12,2,0,0,0,1,0,0,0,0,0,0,0,1,0,0,0,0,1,0,0,0,0
1.000772687063346,8,0,20,8,2,0,15,2,0,0,0,0,0,0,0,0,1,0,0,0,0,1,0,0,0,0,0,0,0
-0.6617828412013846,10,0,21,8,3,0,1,0,0,0,0,0,0,1,0,0,0,0,0,0,0,1,0,0,0,1,0,0,0
1.4306456407489148,3,0,21,8,3,0,14,2,0,0,1,0,1,0,0,0,0,0,1,0,0,0,0,0,0,1,0,0,0
1.5653986693470407,2,0,21,8,3,0,17,2,1,0,1,0,0,1,0,0,0,0,0,0,0,1,1,0,0,0,0,0,1
-0.5963618091617288,4,1,21,8,3,0,7,1,0,0,0,1,0,0,0,1,0,1,0,1,0,0,0,0,0,1,0,1,0
-0.5007774198926707,1,0,21,8,3,0,17,2,0,0,0,0,0,1,0,0,0,0,0,0,1,0,0,0,0,1,0,0,0
0.021331138003698402,3,0,21,8,3,0,19,3,0,0,1,0,0,0,0,0,1,0,0,0,0,0,0,0,1,0,0,1,0
1.5250189150072657,9,0,21,8,3,0,18,3,1,0,1,0,0,0,0,0,1,0,0,1,0,0,0,0,0,0,1,0,0
1.301268019461918,7,1,21,8,3,0,20,3,1,0,0,0,0,0,0,1,1,0,0,0,0,0,0,1,0,0,1,0,0
-1.3704135214773137,7,0,21,8,3,0,22,3,1,0,0,0,0,0,0,0,0,0,0,0,0,1,0,0,0,0,0,0,0
-0.3685125559440475,1,0,21,8,3,0,11,1,0,0,0,0,0,0,0,0,1,0,0,0,0,1,1,0,0,0,1,0,0
0.1861607677416346,7,1,21,8,3,0,17,2,0,0,0,0,0,1,0,0,1,0,0,1,0,0,0,0,0,0,0,1,0
0.012693701723902854,10,0,22,8,4,0,20,3,1,0,0,1,0,0,1,0,0,1,0,1,0,0,0,0,0,1,0,1,0
-1.0551800645788254,7,0,22,8,4,0,7,1,1,0,1,0,0,0,0,1,0,0,0,0,1,0,1,0,0,0,1,0,0
1.2408337274520196,4,0,22,8,4,0,22,3,0,1,1,0,0,1,0,0,0,1,0,1,0,0,0,0,0,0,0,0,0
0.6128341568430442,7,0,22,8,4,0,10,1,1,0,0,1,0,0,0,0,1,0,0,0,0,0,1,0,0,0,0,1,0
1.1686387799370082,8,0,22,8,4,0,10,1,1,0,0,0,0,0,0,1,1,0,0,0,0,0,0,1,0,0,0,1,0
1.2406498045420846,3,0,22,8,4,0,12,2,1,0,0,1,0,0,1,0,1,0,0,0,0,1,0,0,0,0,0,0,1
0.859422725412632,10,0,22,8,4,0,20,3,1,0,0,0,0,0,1,0,0,0,0,1,0,0,0,0,0,1,0,0,0
-0.20802073068571933,2,0,22,8,4,0,17,2,1,0,0,1,0,0,1,0,0,0,1,0,1,0,1,0,0,0,0,0,1
0.3835829252175534,7,0,22,8,4,0,18,3,1,0,0,0,0,0,0,0,1,0,0,1,0,0,0,0,1,0,1,0,0
-1.1708432832230928,5,0,22,8,4,0,11,1,0,0,0,1,1,0,0,0,1,0,0,0,0,1,1,0,0,0,1,0,0
0.6014552281321366,5,0,22,8,4,0,10,1,1,0,0,0,0,0,0,0,1,0,0,1,0,0,0,0,1,0,0,0,1
-1.1056269955548745,5,0,23,8,5,1,2,0,1,0,0,0,0,0,1,0,1,0,0,0,0,0,0,0,0,1,0,0,0
0.6715645592533527,7,0,23,8,5,1,22,3,1,0,1,0,0,0,1,0,0,0,0,0,0,1,0,1,0,0,0,1,0
-0.931792083717272,9,0,23,8,5,1,6,1,0,0,0,0,0,1,0,0,0,0,1,1,0,0,0,0,1,0,1,0,0
-1.318675659888133,8,0,23,8,5,1,4,0,0,0,1,0,0,0,0,1,0,0,1,0,0,0,0,1,0,0,0,0,0
-1.1538599111245316,6,0,23,8,5,1,9,1,1,0,0,0,0,0,0,0,0,0,1,0,0,1,1,0,0,0,0,0,0
-1.7176912076275623,7,0,23,8,5,1,7,1,1,0,1,0,0,0,1,0,1,0,0,1,0,0,0,0,0,1,1,0,0
0.7571615874885612,9,0,23,8,5,1,4,0,0,0,0,0,0,0,1,0,1,0,0,0,0,0,0,0,1,0,1,0,0
0.8043326085216105,6,0,23,8,5,1,3,0,1,0,0,0,0,0,0,0,0,0,1,0,1,0,1,0,0,0,0,0,0
0.053441301883548516,1,0,23,8,5,1,9,1,1,0,0,0,0,1,0,0,0,0,1,0,0,0,0,0,0,0,0,1,0
-1.167400801588076,4,0,23,8,5,1,9,1,0,0,0,0,0,1,0,0,1,0,0,0,1,0,1,0,0,0,0,0,1
-1.436063589593493,8,0,23,8,5,1,6,1,0,0,0,0,0,0,0,0,1,0,0,1,0,0,0,1,0,0,1,0,0
-1.6585200842821255,7,0,24,8,6,1,1,0,0,0,0,0,0,0,1,0,0,1,0,0,0,0,0,0,0,1,0,0,1
-1.152260128832452,3,0,24,8,6,1,12,2,1,0,0,0,0,0,0,0,0,1,0,0,1,0,0,0,0,1,0,0,0
1.3514581524127747,10,0,24,8,6,1,3,0,0,0,0,0,1,0,0,0,0,1,0,0,0,1,1,0,0,0,0,0,1
-0.8905690601866613,3,0,24,8,6,1,21,3,1,0,1,0,0,0,0,0,0,0,1,0,0,0,0,0,0,0,0,1,0
-0.5013083671609748,3,0,24,8,6,1,13,2,0,0,0,1,0,0,0,0,0,0,0,1,0,0,0,1,0,0,0,0,0
-1.3608217682120045,1,0,24,8,6,1,1,0,1,0,0,0,0,1,0,0,1,0,0,0,0,1,1,0,0,0,0,1,0
,10,0,24,8,6,1,19,3,1,0,1,0,0,0,1,0,0,1,0,0,1,0,1,0,0,0,0,0,0
0.0682557717423056,1,0,24,8,6,1,18,3,0,0,1,0,1,0,0,0,0,0,0,0,0,0,0,0,0,1,0,1,0
0.3739356480549055,6,0,24,8,6,1,5,0,1,0,0,0,0,0,0,1,1,0,0,0,0,0,0,1,0,0,0,0,0
-0.8773925452994039,1,0,24,8,6,1,4,0,0,0,1,0,1,0,0,0,0,0,0,1,0,0,0,0,0,0,0,1,0
-1.525228028232731,5,0,24,8,6,1,14,2,0,1,0,0,0,0,0,0,0,0,1,0,0,1,0,0,0,1,0,0,0
-0.3743737973568938,4,0,25,8,0,0,9,1,1,0,1,0,0,0,1,0,0,0,1,0,0,0,1,0,0,0,0,1,0
-0.9158914276168209,5,0,25,8,0,0,2,0,1,0,0,0,0,0,0,1,0,0,1,0,0,0,0,0,0,1,0,0,0
-0.9664736980926337,7,0,25,8,0,0,5,0,1,0,1,0,1,0,0,0,0,1,0,0,0,1,0,0,0,1,0,1,0
1.5897320173558496,6,1,25,8,0,0,7,1,0,0,1,0,0,1,0,0,1,0,0,0,0,0,0,0,1,0,1,0,0
0.40345006973415803,9,0,25,8,0,0,9,1,0,0,0,0,0,0,0,1,0,0,1,0,0,1,0,0,0,1,0,0,1
0.19827191784869996,6,0,25,8,0,0,3,0,1,0,0,0,0,0,0,1,0,1,0,0,0,1,0,0,0,1,0,0,0
-0.2889433408137022,9,0,25,8,0,0,19,3,0,0,0,1,0,0,0,1,0,1,0,0,0,1,0,1,0,0,0,1,0
-0.2434692688930757,4,0,25,8,0,0,6,1,1,0,0,0,0,0,0,0,0,1,0,1,0,0,0,0,0,1,1,0,0
0.14311586632958856,1,0,25,8,0,0,13,2,0,0,1,0,1,0,0,0,0,1,0,0,0,1,0,0,0,0,0,0,0
0.6801291204178905,1,0,25,8,0,0,4,0,1,0,0,1,0,1,0,0,0,0,1,0,0,1,1,0,0,0,0,0,0
0.6998643956783153,10,0,25,8,0,0,22,3,1,0,1,0,0,1,0,0,0,1,0,0,1,0,0,1,0,0,0,0,0
-1.1317301677913636,7,0,26,8,1,0,1,0,0,0,1,0,1,0,0,0,0,0,1,0,1,0,0,0,0,1,0,0,1
0.0022656197549251775,3,0,26,8,1,0,18,3,1,0,1,0,0,0,0,0,0,0,1,0,0,0,0,0,0,0,0,1,0
,2,0,26,8,1,0,16,2,1,0,0,1,0,1,0,0,0,1,0,0,0,1,1,0,0,0,0,1,0
1.2812655354455498,6,0,26,8,1,0,21,3,1,0,0,0,0,1,0,0,0,0,1,0,1,0,0,1,0,0,0,0,0
,6,1,26,8,1,0,11,1,0,1,0,0,0,0,0,0,1,0,0,0,1,0,0,0,0,0,0,0,0
0.11411157045713771,7,0,26,8,1,0,5,0,1,0,0,0,1,0,0,0,1,0,0,0,0,0,0,0,0,1,0,0,0
-1.3261228026187242,5,0,26,8,1,0,3,0,1,0,0,1,0,0,0,0,0,0,0,0,0,1,0,0,1,0,1,0,0
0.3666342555548293,8,0,26,8,1,0,12,2,1,0,1,0,0,0,1,0,1,0,0,0,1,0,0,0,1,0,0,0,0
-1.3198763641680886,7,0,26,8,1,0,22,3,1,0,0,0,0,0,0,0,0,0,1,0,0,0,0,1,0,0,0,0,1
,2,1,26,8,1,0,0,0,1,0,0,1,0,0,1,0,0,0,1,0,0,0,0,0,0,0,0,1,0
-1.2313504503482489,1,0,27,8,2,0,16,2,0,0,0,0,1,0,0,0,1,0,0,0,0,0,1,0,0,0,0,0,1
0.6650856144826102,9,0,27,8,2,0,14,2,0,1,0,0,1,0,0,0,0,1,0,0,0,1,0,0,0,0,0,0,0
-1.012402371922723,5,1,27,8,2,0,21,3,1,0,1,0,0,1,0,0,0,1,0,0,0,1,0,0,1,0,1,0,0
-0.3715212571311036,5,0,27,8,2,0,16,2,1,0,0,0,0,0,0,1,0,0,1,0,0,0,0,1,0,0,0,0,0
1.3680979703965506,10,0,27,8,2,0,19,3,1,0,0,1,0,0,0,0,0,1,0,1,0,0,0,0,0,1,0,0,0
-1.0190860610649033,4,0,27,8,2,0,14,2,1,0,0,0,0,0,0,0,0,0,0,0,0,1,0,0,0,0,0,0,0
,2,0,27,8,2,0,13,2,0,0,0,1,0,0,0,1,0,0,0,0,0,1,0,0,1,0,0,0,0
-0.27687036338605725,5,0,27,8,2,0,8,1,1,0,1,0,0,0,0,0,1,0,0,0,0,0,1,0,0,0,0,0,0
-1.661990327865812,2,0,27,8,2,0,4,0,1,0,0,0,0,0,0,0,1,0,0,0,0,0,0,1,0,0,0,1,0
1.0127380869398965,7,0,27,8,2,0,9,1,0,0,0,1,0,0,0,1,0,1,0,0,0,1,0,0,0,1,0,0,1
-1.4861600259675896,9,0,27,8,2,0,12,2,1,0,1,0,1,0,0,0,0,0,1,0,1,0,0,0,0,0,1,0,0
-0.08701680716615827,9,0,28,8,3,0,21,3,0,0,0,0,0,0,0,0,1,0,0,0,0,1,1,0,0,0,0,0,0
,6,0,28,8,3,0,16,2,1,0,0,0,0,0,0,0,0,0,0,0,1,0,0,0,0,1,1,0,0
0.44531855857133457,1,0,28,8,3,0,18,3,0,0,0,1,0,0,1,0,1,0,0,0,0,0,0,0,1,0,0,1,0
0.6532000302084843,6,0,28,8,3,0,9,1,0,1,0,0,1,0,0,0,1,0,0,0,1,0,0,0,1,0,0,0,1
-0.8500470258599553,5,0,28,8,3,0,18,3,0,0,0,0,0,0,1,0,0,0,0,1,0,0,1,0,0,0,0,0,0
-1.6901131818680064,4,0,28,8,3,0,4,0,0,1,0,0,0,0,0,1,0,0,1,0,0,0,0,0,1,0,0,1,0
0.7734023274602136,6,0,28,8,3,0,20,3,1,0,0,0,0,0,0,0,1,0,0,0,0,1,0,1,0,0,0,1,0
,6,0,28,8,3,0,3,0,0,0,1,0,1,0,0,0,1,0,0,0,0,1,1,0,0,0,0,0,1
1.162454805870879,6,0,28,8,3,0,3,0,0,0,0,0,1,0,0,0,1,0,0,0,0,0,0,0,1,0,0,0,0
1.111594915908371,2,0,28,8,3,0,17,2,0,0,0,0,0,1,0,0,0,1,0,0,0,0,0,0,0,0,0,0,1
1.1873468630966615,7,0,28,8,3,0,3,0,1,0,0,0,0,0,1,0,1,0,0,1,0,0,0,0,1,0,0,0,1
-0.049590230116100704,4,0,29,8,4,0,21,3,1,0,0,0,0,0,1,0,0,0,0,0,0,0,0,1,0,0,1,0,0
-0.5725871703698934,9,0,29,8,4,0,19,3,1,0,0,1,0,0,0,1,0,0,1,0,0,1,0,0,0,1,1,0,0
1.0085946161009751,10,0,29,8,4,0,3,0,0,0,0,0,0,0,0,0,0,0,1,1,0,0,0,0,0,1,0,0,1
-0.16629799207905765,2,0,29,8,4,0,11,1,1,0,0,1,0,0,0,1,0,0,0,0,0,1,0,0,1,0,1,0,0
-1.0911630202980696,5,0,29,8,4,0,21,3,0,0,0,0,1,0,0,0,0,1,0,0,1,0,0,0,0,1,0,1,0
1.227563515988003,4,0,29,8,4,0,2,0,1,0,0,0,0,1,0,0,0,0,0,0,0,0,0,0,1,0,0,0,1
1.3228147618730268,9,1,29,8,4,0,13,2,1,0,0,1,0,1,0,0,0,0,1,0,1,0,0,1,0,0,0,0,0
-0.11445255293878305,4,0,29,8,4,0,15,2,1,0,0,0,0,0,0,0,0,0,0,0,0,1,0,0,0,1,0,0,0
-1.4631870134435858,8,0,29,8,4,0,9,1,1,0,1,0,1,0,0,0,0,1,0,0,1,0,0,0,0,0,0,1,0
-0.3854473446324372,8,0,29,8,4,0,5,0,0,0,0,1,0,0,0,1,0,0,1,0,1,0,0,0,1,0,0,0,0
1.049959919618517,6,0,29,8,4,0,12,2,1,0,0,0,0,0,1,0,0,1,0,0,0,1,0,0,0,1,0,0,0
1.3891588787059435,6,0,30,8,5,1,10,1,1,0,0,0,0,0,0,0,0,0,0,0,0,1,0,1,0,0,0,0,1
-1.0220010656751997,8,0,30,8,5,1,10,1,0,0,1,0,1,0,0,0,1,0,0,0,0,0,0,1,0,0,0,1,0
-1.493315668237151,10,0,30,8,5,1,3,0,1,0,0,0,0,0,0,0,0,0,0,0,1,0,0,0,0,0,0,0,1
1.3048284893787803,9,0,30,8,5,1,6,1,1,0,0,0,0,0,1,0,0,1,0,0,0,0,0,1,0,0,0,1,0
-0.37999559196246585,5,0,30,8,5,1,17,2,1,0,0,0,0,0,0,0,0,0,0,1,0,0,0,1,0,0,0,0,1
0.14607251386288952,1,0,30,8,5,1,10,1,0,1,0,0,0,0,1,0,1,0,0,0,0,1,0,0,0,1,0,0,1
1.6180561454858982,1,0,30,8,5,1,14,2,1,0,1,0,0,0,0,1,0,1,0,0,0,1,0,0,1,0,1,0,0
-1.4947280573757116,2,0,30,8,5,1,20,3,1,0,0,0,0,0,0,1,0,0,0,0,1,0,1,0,0,0,0,0,0
0.5140016195796556,10,0,30,8,5,1,11,1,1,0,0,0,0,0,1,0,0,1,0,0,0,1,0,1,0,0,0,1,0
-1.4686908197673123,10,0,30,8,5,1,4,0,1,0,1,0,0,0,0,0,0,1,0,1,0,0,0,1,0,0,0,0,0
-0.4281139894938613,5,0,30,8,5,1,17,2,1,0,0,0,0,1,0,0,0,0,1,0,0,0,1,0,0,0,1,0,0
1.0509142366040307,4,0,31,8,6,1,22,3,1,0,0,0,0,0,1,0,0,0,1,0,0,0,0,1,0,0,0,1,0
-0.22783582154856843,1,0,31,8,6,1,16,2,1,0,1,0,0,1,0,0,0,1,0,0,1,0,0,0,0,1,1,0,0
,4,0,31,8,6,1,20,3,0,0,0,0,0,0,1,0,0,0,0,0,0,0,0,0,0,1,0,0,0
0.2058023464252997,4,0,31,8,6,1,8,1,0,0,1,0,1,0,0,0,0,0,0,0,0,1,1,0,0,0,0,0,1
-0.6156320717819393,10,0,31,8,6,1,20,3,1,0,0,1,0,1,0,0,0,0,0,0,0,1,0,1,0,0,1,0,0
-0.9645477129036878,4,0,31,8,6,1,6,1,0,0,0,0,0,0,1,0,1,0,0,0,0,1,0,1,0,0,1,0,0
-0.5142593162152924,1,0,31,8,6,1,0,0,1,0,1,0,0,0,1,0,0,1,0,0,0,1,0,0,1,0,0,0,1
-0.4382505710018093,9,0,31,8,6,1,1,0,1,0,0,0,0,0,1,0,0,1,0,0,1,0,0,1,0,0,0,0,0
-1.48730867659379,3,0,31,8,6,1,10,1,0,0,0,0,0,0,1,0,1,0,0,0,0,0,0,0,0,1,1,0,0
-0.44847043835576567,4,0,31,8,6,1,21,3,0,0,0,1,1,0,0,0,0,1,0,1,0,0,0,0,0,0,0,0,0
-0.12160472496476059,5,0,31,8,6,1,1,0,0,0,0,1,0,0,0,1,0,1,0,0,0,0,0,0,0,0,0,0,1
0.7709662164644656,7,0,1,9,0,0,5,0,1,0,0,0,0,0,1,0,1,0,0,0,0,1,0,0,0,0,0,1,0
0.5430475583751108,6,0,1,9,0,0,9,1,0,1,1,0,1,0,0,0,0,0,1,1,0,0,0,0,0,0,1,0,0
0.7227228901640576,5,0,1,9,0,0,1,0,1,0,0,1,0,1,0,0,0,1,0,0,1,0,0,1,0,0,0,0,0
-1.6956898633069903,8,1,1,9,0,0,1,0,0,0,0,1,0,0,1,0,1,0,0,0,0,1,0,1,0,0,0,0,1
-0.9729873452992132,1,0,1,9,0,0,15,2,0,1,1,0,0,0,1,0,0,0,0,0,0,1,0,0,1,0,0,0,1
0.5601558592426847,7,0,1,9,0,0,6,1,1,0,0,0,0,0,0,1,0,0,1,1,0,0,0,1,0,0,1,0,0
-0.05340749805815574,6,0,1,9,0,0,14,2,0,0,0,0,0,1,0,0,0,0,0,0,1,0,0,0,0,0,0,1,0
-1.7062220525834786,5,0,1,9,0,0,9,1,1,0,0,1,1,0,0,0,0,1,0,1,0,0,1,0,0,0,1,0,0
1.0532635915101864,7,0,1,9,0,0,16,2,1,0,0,0,1,0,0,0,0,0,1,0,1,0,1,0,0,0,0,0,0
0.9438606922908892,3,0,1,9,0,0,20,3,1,0,1,0,0,0,0,0,1,0,0,0,0,1,0,0,0,1,0,0,1
0.1690628776048119,1,0,1,9,0,0,3,0,1,0,0,0,1,0,0,0,0,1,0,0,0,0,0,0,0,1,0,1,0
-1.4950785519776635,9,0,2,9,1,0,21,3,0,1,0,0,1,0,0,0,1,0,0,0,0,1,0,1,0,0,0,0,0
0.9221230864826775,2,0,2,9,1,0,7,1,0,0,0,0,1,0,0,0,0,0,1,0,0,0,1,0,0,0,1,0,0
0.29093089177671044,10,0,2,9,1,0,21,3,1,0,0,1,0,0,1,0,0,0,0,0,0,0,0,0,0,0,0,0,1
0.9754537898767701,3,1,2,9,1,0,13,2,0,0,0,0,0,0,0,0,0,1,0,0,1,0,0,0,0,0,1,0,0
0.8711313272639898,8,0,2,9,1,0,7,1,0,1,1,0,0,0,0,0,0,1,0,1,0,0,0,0,0,0,0,1,0
1.048110279788412,10,0,2,9,1,0,16,2,1,0,0,0,0,0,0,0,1,0,0,0,1,0,0,1,0,0,0,1,0
0.06405677700604524,9,0,2,9,1,0,2,0,0,1,0,0,0,0,1,0,0,0,1,0,0,1,0,1,0,0,0,1,0
,3,0,2,9,1,0,0,0,1,0,0,0,1,0,0,0,1,0,0,1,0,0,0,0,1,0,0,1,0
0.5928663752625127,6,0,2,9,1,0,2,0,0,0,1,0,0,0,0,0,0,0,1,0,0,0,0,0,0,0,0,1,0
0.4178585210936241,7,0,2,9,1,0,19,3,1,0,0,0,0,0,0,0,0,1,0,0,0,0,0,0,0,0,1,0,0
0.8383514063724881,1,0,3,9,2,0,17,2,1,0,0,0,0,1,0,0,0,0,1,0,0,1,0,1,0,0,0,1,0
-1.1379870169727502,7,0,3,9,2,0,4,0,1,0,0,0,1,0,0,0,0,1,0,1,0,0,0,1,0,0,0,1,0
-1.0513419751752682,4,0,3,9,2,0,11,1,0,0,0,0,1,0,0,0,0,0,1,0,0,1,0,0,1,0,0,0,1
1.3499173642616178,5,0,3,9,2,0,8,1,1,0,0,1,0,0,0,0,0,0,0,0,0,1,0,0,1,0,0,1,0
0.8650236985567016,8,0,3,9,2,0,20,3,1,0,0,1,0,1,0,0,0,0,1,0,1,0,0,0,0,1,0,0,1
1.4114447830003778,4,0,3,9,2,0,8,1,1,0,0,0,0,0,0,0,0,0,0,0,0,1,1,0,0,0,0,0,1
0.8951939962732713,4,0,3,9,2,0,15,2,0,1,1,0,0,0,0,0,0,0,1,1,0,0,0,0,0,0,0,0,1
0.33734539970851596,8,0,3,9,2,0,17,2,1,0,0,1,1,0,0,0,0,0,1,0,0,1,0,0,0,0,1,0,0
0.5340804489548651,5,0,3,9,2,0,5,0,1,0,0,0,0,0,1,0,1,0,0,1,0,0,0,0,1,0,1,0,0
1.3454928036924176,6,0,3,9,2,0,6,1,1,0,0,1,0,0,0,0,1,0,0,0,0,0,0,0,1,0,0,0,0
0.2739891626011536,5,0,3,9,2,0,12,2,1,0,0,1,1,0,0,0,0,1,0,0,0,1,0,0,0,1,0,0,0
0.4590086695089773,1,0,4,9,3,0,17,2,0,0,0,0,0,1,0,0,1,0,0,1,0,0,1,0,0,0,0,0,1
-1.1842731258919592,7,0,4,9,3,0,5,0,0,0,0,0,0,0,0,1,0,0,1,0,0,0,0,0,0,1,1,0,0
-0.08816892803594206,6,1,4,9,3,0,0,0,1,0,0,1,0,0,1,0,1,0,0,1,0,0,1,0,0,0,0,1,0
0.7490724496949881,2,0,4,9,3,0,4,0,1,0,1,0,0,0,0,0,0,0,1,0,0,0,0,0,0,0,0,0,0
-0.789033203171581,7,1,4,9,3,0,10,1,0,0,0,0,0,0,1,0,0,0,0,0,1,0,0,0,0,1,1,0,0
-1.0262070008986277,6,0,4,9,3,0,5,0,1,0,0,0,0,0,0,0,0,0,1,0,0,1,0,0,1,0,0,1,0
-0.6409579094556827,5,0,4,9,3,0,18,3,0,0,0,0,1,0,0,0,0,1,0,0,0,1,0,0,0,1,0,1,0
-0.890693988955674,8,0,4,9,3,0,11,1,0,0,1,0,0,1,0,0,0,0,0,0,0,0,0,0,0,1,1,0,0
-0.9824992829620974,5,0,4,9,3,0,22,3,0,0,1,0,0,0,0,0,0,1,0,0,1,0,0,0,0,0,0,0,0
-0.2576035710094302,2,0,4,9,3,0,12,2,1,0,0,1,1,0,0,0,0,1,0,1,0,0,0,0,1,0,1,0,0
1.4100983284899071,6,0,4,9,3,0,20,3,1,0,0,0,0,0,0,0,0,1,0,0,1,0,0,0,1,0,0,0,0
0.026251943405365494,1,0,5,9,4,0,1,0,0,1,1,0,1,0,0,0,1,0,0,0,0,0,0,1,0,0,0,0,1
-1.075699614889163,5,0,5,9,4,0,5,0,1,0,1,0,0,0,0,1,0,1,0,1,0,0,0,1,0,0,1,0,0
-1.4587936850666388,6,0,5,9,4,0,22,3,0,0,0,0,0,0,0,0,0,0,0,0,0,1,0,1,0,0,1,0,0
0.6791817439195442,7,0,5,9,4,0,2,0,1,0,0,0,1,0,0,0,0,0,1,0,0,0,0,0,0,0,0,0,0
-0.4028055030380365,2,0,5,9,4,0,19,3,0,0,0,1,1,0,0,0,0,1,0,0,0,1,0,0,0,1,0,0,0
1.1131252933287765,1,0,5,9,4,0,4,0,1,0,0,1,0,0,0,1,0,0,0,0,0,1,0,0,1,0,1,0,0
0.552649722371171,6,0,5,9,4,0,8,1,1,0,0,0,0,1,0,0,0,1,0,0,0,1,0,0,1,0,0,1,0
1.024765951200954,3,0,5,9,4,0,17,2,1,0,1,0,0,0,0,0,0,0,1,1,0,0,0,0,0,1,0,1,0
-0.785569900075062,5,0,5,9,4,0,11,1,0,0,0,0,1,0,0,0,0,0,0,0,0,1,0,0,1,0,0,1,0
0.6660711636603771,2,0,5,9,4,0,1,0,0,0,1,0,0,0,0,0,0,0,0,1,0,0,0,0,0,1,0,0,1
-0.812790490745498,1,0,5,9,4,0,11,1,1,0,1,0,1,0,0,0,0,0,1,0,0,0,0,0,0,0,0,0,1
1.5179326776093782,1,0,6,9,5,1,1,0,0,0,1,0,1,0,0,0,0,0,0,1,0,0,0,0,0,0,0,0,0
0.4727612448311265,4,0,6,9,5,1,11,1,0,0,0,1,1,0,0,0,0,0,1,1,0,0,0,0,0,0,0,0,1
-0.6040657499175126,10,0,6,9,5,1,15,2,1,0,1,0,0,0,1,0,0,0,0,0,1,0,0,0,0,1,0,1,0
-0.7939748300347506,2,0,6,9,5,1,0,0,1,0,0,0,0,0,0,0,0,0,0,0,0,1,0,0,0,1,1,0,0
-1.065320116330357,1,0,6,9,5,1,19,3,1,0,1,0,1,0,0,0,0,0,1,0,0,1,1,0,0,0,0,0,1
0.6739520868389289,6,0,6,9,5,1,18,3,1,0,0,0,0,0,0,1,0,0,1,0,0,1,0,0,1,0,0,0,1
-0.9693678812414283,4,0,6,9,5,1,10,1,1,0,0,0,0,1,0,0,0,0,0,0,0,1,0,0,1,0,0,1,0
0.33094974078378214,10,0,6,9,5,1,15,2,1,0,0,0,0,0,1,0,0,0,0,0,1,0,1,0,0,0,0,0,1
-0.8108124519027969,7,0,6,9,5,1,4,0,1,0,0,0,0,0,0,1,0,0,1,0,1,0,1,0,0,0,0,0,0
0.561137938176868,6,0,6,9,5,1,14,2,1,0,1,0,0,0,0,1,1,0,0,0,1,0,0,0,0,0,1,0,0
1.089329833075439,5,0,6,9,5,1,0,0,0,0,0,0,0,0,0,0,0,0,1,0,1,0,1,0,0,0,0,1,0
0.961867786246638,10,0,7,9,6,1,1,0,1,0,1,0,0,0,0,0,0,0,0,0,0,1,0,0,0,1,0,0,0
0.9025682638886049,2,0,7,9,6,1,7,1,1,0,1,0,0,1,0,0,0,0,0,0,0,0,0,1,0,0,0,1,0
-1.0763832528751491,5,0,7,9,6,1,14,2,0,0,0,0,0,0,0,1,0,0,0,0,0,0,0,0,0,1,0,0,0
,9,0,7,9,6,1,8,1,1,0,0,1,0,0,0,0,0,0,1,0,1,0,1,0,0,0,1,0,0
0.6888255508386087,9,0,7,9,6,1,7,1,1,0,0,0,0,0,0,1,0,0,0,1,0,0,0,0,1,0,1,0,0
-0.45270760577144675,2,0,7,9,6,1,2,0,1,0,0,0,1,0,0,0,1,0,0,0,1,0,0,0,0,1,0,0,0
-0.2317259646058809,7,0,7,9,6,1,14,2,1,0,1,0,1,0,0,0,0,1,0,0,0,1,0,0,1,0,0,0,0
-1.6170159710212362,10,0,7,9,6,1,20,3,1,0,0,0,0,0,0,0,1,0,0,0,0,1,0,0,0,1,0,0,0
-0.8282781878594905,4,0,7,9,6,1,20,3,1,0,0,0,0,0,0,0,0,0,1,1,0,0,0,0,1,0,0,0,0
-1.6082883084082649,3,0,7,9,6,1,19,3,0,0,1,0,1,0,0,0,0,0,0,1,0,0,0,0,0,1,0,0,0
1.3111651541625917,1,0,7,9,6,1,11,1,1,0,1,0,1,0,0,0,0,0,1,1,0,0,0,0,1,0,0,0,0
-0.8841456393132576,3,0,8,9,0,0,8,1,0,1,0,0,1,0,0,0,0,1,0,0,0,0,0,1,0,0,1,0,0
0.1998543489228611,9,0,8,9,0,0,14,2,1,0,0,1,0,1,0,0,0,0,1,0,0,0,0,0,0,0,0,0,0
-1.5899793032607354,9,0,8,9,0,0,0,0,1,0,1,0,0,0,1,0,0,0,0,0,0,0,0,0,0,1,0,0,1
0.5779825005320817,7,0,8,9,0,0,22,3,1,0,0,1,1,0,0,0,0,1,0,1,0,0,0,1,0,0,1,0,0
-0.6091912996906175,3,0,8,9,0,0,1,0,1,0,0,0,0,0,0,0,0,1,0,0,0,0,0,0,0,0,0,1,0
1.375850494562506,3,1,8,9,0,0,5,0,1,0,1,0,0,0,1,0,0,0,0,0,1,0,0,0,0,1,1,0,0
1.3420086791343968,4,0,8,9,0,0,20,3,0,0,0,1,0,1,0,0,0,0,0,0,0,0,0,1,0,0,0,1,0
-0.6013763111401557,7,0,8,9,0,0,18,3,1,0,1,0,0,1,0,0,0,0,0,0,1,0,0,1,0,0,0,1,0
1.386351451646741,7,0,8,9,0,0,19,3,0,1,1,0,0,0,0,0,0,0,1,0,1,0,0,1,0,0,0,0,1
1.7150563941371004,2,0,8,9,0,0,7,1,0,0,0,0,0,0,1,0,1,0,0,0,0,0,1,0,0,0,0,0,0
1.1255036521917858,5,0,8,9,0,0,5,0,1,0,0,0,1,0,0,0,0,0,1,1,0,0,0,0,1,0,0,0,0
1.1926806274847872,7,0,9,9,1,0,15,2,1,0,0,0,0,0,1,0,0,0,1,0,1,0,0,0,0,0,1,0,0
-0.864767799141953,7,0,9,9,1,0,13,2,1,0,0,0,0,0,1,0,1,0,0,1,0,0,0,0,1,0,0,0,0
0.2667224725369141,6,0,9,9,1,0,9,1,1,0,0,1,0,0,0,1,0,0,0,0,0,1,0,0,1,0,0,0,1
-1.492340529790135,10,0,9,9,1,0,19,3,1,0,0,0,0,1,0,0,0,0,0,0,1,0,0,0,1,0,1,0,0
-1.3968290156363345,10,0,9,9,1,0,13,2,1,0,0,1,0,0,0,1,1,0,0,0,0,1,0,1,0,0,1,0,0
1.7244989269283106,8,0,9,9,1,0,22,3,1,0,0,1,0,0,0,0,1,0,0,0,0,0,0,0,1,0,1,0,0
-0.5967192442508485,3,0,9,9,1,0,14,2,1,0,0,0,0,0,0,1,0,0,1,1,0,0,1,0,0,0,0,0,0
0.8588293137598216,1,0,9,9,1,0,5,0,0,1,0,0,0,0,0,0,0,1,0,0,0,0,0,0,0,1,0,0,0
1.0607593176509489,3,0,9,9,1,0,7,1,0,0,0,1,0,0,0,1,1,0,0,0,1,0,0,1,0,0,0,0,0
1.2380922350209074,2,0,9,9,1,0,8,1,0,1,0,1,0,0,1,0,0,0,1,0,0,1,0,0,0,0,1,0,0
1.7201333605000333,2,0,10,9,2,0,19,3,1,0,0,0,0,0,1,0,0,1,0,0,1,0,0,0,0,1,1,0,0
-0.8907078699300087,2,0,10,9,2,0,10,1,1,0,0,0,1,0,0,0,0,0,0,0,0,0,0,0,0,1,0,1,0
-1.5852424207690037,5,0,10,9,2,0,8,1,1,0,1,0,0,0,0,1,0,0,0,1,0,0,0,0,0,1,0,1,0
-0.30476765155531227,1,0,10,9,2,0,8,1,1,0,1,0,0,0,0,0,0,0,1,1,0,0,0,0,1,0,0,0,0
-1.2754156033738986,10,0,10,9,2,0,3,0,1,0,0,0,0,0,1,0,0,0,1,0,1,0,0,0,1,0,1,0,0
-1.6471342150840502,4,0,10,9,2,0,1,0,0,0,1,0,0,0,0,1,1,0,0,0,1,0,0,1,0,0,0,0,0
,10,0,10,9,2,0,21,3,0,0,0,0,0,0,1,0,0,0,0,0,0,1,0,0,1,0,0,0,0
0.981596121019895,5,0,10,9,2,0,22,3,1,0,0,0,0,0,0,0,0,0,1,0,0,0,0,0,1,0,0,1,0
0.23039249245930138,2,0,10,9,2,0,16,2,1,0,0,0,0,0,1,0,0,0,0,0,1,0,0,0,1,0,0,0,1
-0.6445808437570513,5,0,10,9,2,0,11,1,1,0,0,0,0,0,1,0,0,0,0,0,0,1,0,1,0,0,0,0,0
0.5348022596202717,10,0,10,9,2,0,13,2,1,0,0,0,0,0,0,1,1,0,0,0,1,0,0,1,0,0,0,0,1
-0.9234357371677551,4,0,11,9,3,0,20,3,1,0,0,0,0,1,0,0,0,1,0,1,0,0,1,0,0,0,0,0,1
-1.6749100447278762,8,0,11,9,3,0,19,3,1,0,0,0,1,0,0,0,1,0,0,0,0,1,1,0,0,0,1,0,0
0.9146620627777517,1,0,11,9,3,0,11,1,0,0,0,0,0,0,0,0,0,0,1,0,0,1,1,0,0,0,1,0,0
0.4291472234713558,5,0,11,9,3,0,8,1,0,1,0,0,1,0,0,0,1,0,0,0,1,0,1,0,0,0,0,0,0
0.9075792956234479,10,0,11,9,3,0,2,0,1,0,0,1,0,0,0,0,1,0,0,0,0,0,0,0,0,1,0,1,0
-1.5901215832476665,1,0,11,9,3,0,0,0,0,0,0,0,0,0,1,0,0,0,0,1,0,0,0,0,0,1,0,1,0
1.1659146387238142,10,0,11,9,3,0,22,3,1,0,0,0,0,0,1,0,1,0,0,0,0,0,1,0,0,0,0,0,0
0.4145895516377915,10,0,11,9,3,0,11,1,1,0,1,0,0,0,0,0,0,0,1,0,0,0,1,0,0,0,0,0,0
0.2207729772453226,4,0,11,9,3,0,13,2,1,0,0,1,0,0,0,1,0,1,0,0,0,0,0,0,0,0,0,1,0
0.43215592465841196,8,0,11,9,3,0,8,1,1,0,0,0,0,1,0,0,1,0,0,0,0,1,0,0,0,1,0,0,1
1.2602254485976594,1,0,11,9,3,0,19,3,1,0,1,0,0,0,1,0,1,0,0,0,0,0,0,0,0,0,0,0,0
0.3020599629495929,2,0,12,9,4,0,7,1,0,0,1,0,1,0,0,0,0,1,0,0,0,0,0,0,0,0,0,0,1
0.2813911921651566,1,0,12,9,4,0,5,0,0,0,1,0,0,1,0,0,0,0,1,0,0,0,0,0,1,0,0,0,0
1.6961400963624258,7,0,12,9,4,0,18,3,1,0,0,0,0,0,0,1,0,0,1,0,0,1,0,1,0,0,0,0,0
0.8883402651954907,2,0,12,9,4,0,6,1,1,0,1,0,0,0,0,1,1,0,0,1,0,0,0,0,0,1,0,0,1
-0.19737749361455312,1,0,12,9,4,0,3,0,0,1,0,0,1,0,0,0,0,0,0,1,0,0,1,0,0,0,0,0,1
0.7179964184030767,6,1,12,9,4,0,12,2,1,0,1,0,0,1,0,0,1,0,0,1,0,0,1,0,0,0,0,1,0
-0.3805994143460272,6,0,12,9,4,0,11,1,1,0,1,0,1,0,0,0,0,1,0,0,0,1,0,1,0,0,0,0,0
-0.9342871888539425,10,0,12,9,4,0,1,0,1,0,0,0,1,0,0,0,0,1,0,0,0,0,0,0,0,1,1,0,0
0.3362973861462428,2,0,12,9,4,0,8,1,0,0,0,1,0,0,0,0,0,1,0,1,0,0,1,0,0,0,1,0,0
1.4803429991108872,1,0,12,9,4,0,22,3,0,1,0,0,0,0,0,0,1,0,0,1,0,0,1,0,0,0,0,0,0
1.4836501412461405,10,0,12,9,4,0,21,3,1,0,0,1,1,0,0,0,1,0,0,1,0,0,0,0,1,0,0,0,0
-0.5440062442146522,3,0,13,9,5,1,16,2,0,0,0,0,0,0,1,0,0,0,1,0,1,0,0,0,0,0,0,0,0
0.09744399052469205,10,0,13,9,5,1,7,1,0,0,0,0,0,0,0,0,0,0,0,0,0,1,1,0,0,0,0,0,1
-0.993812277044915,5,0,13,9,5,1,0,0,1,0,0,0,0,1,0,0,1,0,0,0,0,1,0,0,0,1,1,0,0
1.7132379864992489,6,0,13,9,5,1,12,2,1,0,0,1,0,0,0,0,0,0,1,0,0,1,0,1,0,0,1,0,0
1.6631241989072336,3,0,13,9,5,1,7,1,1,0,0,0,1,0,0,0,1,0,0,0,0,1,0,0,1,0,1,0,0
0.5181138582263238,9,0,13,9,5,1,15,2,0,1,0,0,1,0,0,0,0,0,1,0,0,1,0,0,0,1,0,0,0
1.0529859720234915,5,0,13,9,5,1,16,2,0,0,0,0,0,0,0,0,0,0,1,0,0,0,0,0,1,0,0,0,1
0.7445958354720328,2,0,13,9,5,1,16,2,0,0,1,0,1,0,0,0,0,0,0,0,0,0,0,0,0,0,0,0,0
0.32354077073261156,10,0,13,9,5,1,7,1,1,0,1,0,0,0,0,0,1,0,0,0,1,0,1,0,0,0,0,1,0
-1.540365230744771,6,0,13,9,5,1,0,0,0,0,0,0,1,0,0,0,0,0,1,1,0,0,0,0,0,1,0,1,0
-0.15431524098458863,8,1,13,9,5,1,20,3,1,0,0,0,0,0,0,1,0,1,0,0,1,0,0,1,0,0,1,0,0
0.6053939545996204,6,0,14,9,6,1,9,1,1,0,0,0,0,0,0,0,0,1,0,0,0,1,0,0,0,0,0,0,0
0.6148746600702516,4,0,14,9,6,1,8,1,0,0,0,0,0,0,1,0,0,1,0,0,1,0,0,0,0,0,0,1,0
-0.436217008261769,6,0,14,9,6,1,4,0,0,0,0,0,0,0,1,0,0,0,0,0,0,1,0,0,1,0,0,1,0
1.5269934836063834,8,0,14,9,6,1,16,2,0,0,1,0,0,0,0,1,0,0,1,0,1,0,0,0,0,0,0,0,0
-1.1467042688549705,8,0,14,9,6,1,18,3,1,0,0,0,0,0,0,0,0,0,0,0,0,1,0,0,0,1,0,0,1
,10,0,14,9,6,1,22,3,0,0,0,0,1,0,0,0,1,0,0,1,0,0,0,0,1,0,0,0,0
0.6609803163231092,2,0,14,9,6,1,12,2,1,0,0,0,0,0,1,0,1,0,0,0,0,1,0,0,0,0,0,0,0
0.6825652314136385,8,0,14,9,6,1,18,3,1,0,0,1,0,0,0,0,0,0,1,0,1,0,0,1,0,0,0,0,1
,6,0,14,9,6,1,13,2,1,0,0,1,0,0,1,0,0,1,0,1,0,0,0,0,0,1,1,0,0
,2,0,14,9,6,1,7,1,1,0,0,1,0,0,1,0,0,0,1,0,1,0,0,1,0,0,1,0,0
-1.185203151172387,1,0,14,9,6,1,11,1,1,0,0,0,0,1,0,0,0,0,1,1,0,0,0,1,0,0,1,0,0
0.47126556984655754,6,0,15,9,0,0,20,3,0,1,0,0,0,0,0,1,0,0,1,0,0,0,0,0,1,0,0,0,1
0.3447578400032703,7,0,15,9,0,0,15,2,1,0,0,0,0,0,1,0,0,0,0,0,0,0,1,0,0,0,0,1,0
-1.1052730307093384,10,0,15,9,0,0,6,1,0,0,0,0,0,0,0,1,1,0,0,0,0,0,0,0,1,0,0,0,1
0.7101987810705332,5,0,15,9,0,0,4,0,1,0,1,0,0,0,0,0,0,0,1,0,1,0,0,0,0,1,0,0,0
-0.15290979233319557,10,0,15,9,0,0,13,2,1,0,1,0,1,0,0,0,0,0,1,0,1,0,0,0,0,1,0,0,1
0.5811369519496526,8,0,15,9,0,0,12,2,1,0,0,1,0,0,0,0,0,0,1,1,0,0,0,0,1,0,0,1,0
1.1667683186454008,9,0,15,9,0,0,16,2,0,1,0,1,0,0,0,1,0,0,0,1,0,0,1,0,0,0,0,1,0
-1.1385144939974703,4,0,15,9,0,0,17,2,0,0,0,0,0,1,0,0,0,0,0,1,0,0,0,0,1,0,0,0,0
-1.6584645603847865,7,0,15,9,0,0,3,0,0,1,1,0,0,1,0,0,0,0,0,1,0,0,0,0,0,1,1,0,0
0.9655878873683497,8,0,15,9,0,0,3,0,0,1,0,0,0,0,0,1,0,0,1,0,0,1,1,0,0,0,0,1,0
0.38065056938933844,6,0,15,9,0,0,18,3,1,0,0,0,1,0,0,0,0,1,0,0,0,0,0,0,0,1,0,1,0
0.6912096081806013,2,0,16,9,1,0,7,1,1,0,1,0,0,0,0,0,0,1,0,0,0,0,1,0,0,0,0,1,0
1.169488989615011,7,0,16,9,1,0,0,0,0,0,0,0,0,1,0,0,0,1,0,0,0,1,1,0,0,0,0,0,0
1.0474509335075117,9,0,16,9,1,0,18,3,1,0,0,0,0,0,0,1,1,0,0,0,0,1,0,0,1,0,0,1,0
1.5933861838494714,5,0,16,9,1,0,6,1,1,0,0,0,1,0,0,0,0,0,1,0,0,1,0,0,1,0,1,0,0
0.12595551180825942,2,1,16,9,1,0,8,1,1,0,1,0,0,0,0,0,0,1,0,0,0,0,0,0,1,0,0,0,0
-0.0378469258289059,4,0,16,9,1,0,18,3,1,0,1,0,1,0,0,0,0,1,0,0,0,1,1,0,0,0,1,0,0
-0.3368951666530807,3,0,16,9,1,0,9,1,1,0,0,0,0,0,0,0,0,1,0,1,0,0,1,0,0,0,0,1,0
-1.1938891708623542,4,0,16,9,1,0,18,3,1,0,0,1,1,0,0,0,0,0,1,0,1,0,0,0,0,1,0,1,0
0.25258122993339205,10,0,16,9,1,0,6,1,1,0,0,0,1,0,0,0,0,1,0,1,0,0,0,1,0,0,1,0,0
-0.768076402169699,7,0,16,9,1,0,19,3,1,0,0,0,1,0,0,0,0,1,0,0,1,0,0,0,1,0,0,0,0
,10,0,17,9,2,0,20,3,1,0,1,0,0,0,0,0,0,0,1,1,0,0,0,0,0,1,0,0,0
0.2891263651131936,8,0,17,9,2,0,5,0,1,0,1,0,0,0,0,0,1,0,0,0,0,0,0,0,0,1,1,0,0
0.3224441737601667,1,0,17,9,2,0,7,1,0,0,0,1,1,0,0,0,0,0,0,0,1,0,0,0,0,0,0,1,0
-0.4990527088315786,8,0,17,9,2,0,8,1,1,0,0,0,0,0,0,0,0,1,0,0,0,0,0,0,1,0,0,0,1
-1.545057000069915,5,0,17,9,2,0,10,1,1,0,1,0,0,0,1,0,0,0,0,0,0,1,0,0,0,1,1,0,0
-1.6149615868196938,7,0,17,9,2,0,12,2,0,0,1,0,0,0,1,0,1,0,0,1,0,0,0,0,0,0,1,0,0
-0.26284016857721304,1,0,17,9,2,0,4,0,1,0,0,1,0,1,0,0,1,0,0,0,0,0,0,0,1,0,1,0,0
-1.4325725245483043,2,0,17,9,2,0,22,3,1,0,0,0,1,0,0,0,0,1,0,0,0,1,1,0,0,0,0,1,0
0.370808958586004,1,0,17,9,2,0,5,0,0,0,1,0,0,0,1,0,0,0,1,0,0,0,0,0,0,0,0,0,0
1.3173352472543864,5,0,17,9,2,0,21,3,1,0,1,0,0,0,1,0,1,0,0,0,0,0,1,0,0,0,0,1,0
,6,0,17,9,2,0,3,0,0,0,0,0,0,0,0,0,0,0,0,0,0,1,0,1,0,0,1,0,0
0.5510429995919242,10,0,18,9,3,0,22,3,0,0,0,0,0,0,0,0,0,0,0,1,0,0,0,1,0,0,0,1,0
-0.995207314965557,9,0,18,9,3,0,5,0,0,0,0,0,0,0,0,0,0,0,0,0,0,0,0,1,0,0,0,1,0
1.2552664705165713,8,0,18,9,3,0,11,1,1,0,1,0,0,0,1,0,0,0,0,1,0,0,0,1,0,0,1,0,0
1.3350161383132682,7,0,18,9,3,0,2,0,1,0,0,1,0,0,0,0,1,0,0,1,0,0,0,0,0,1,0,1,0
-1.045546668390512,5,0,18,9,3,0,11,1,1,0,1,0,0,0,0,0,0,1,0,1,0,0,0,1,0,0,0,0,1
0.8216838264400425,3,0,18,9,3,0,22,3,1,0,1,0,0,1,0,0,0,1,0,0,0,1,0,0,0,1,0,1,0
-0.7352478978680257,9,0,18,9,3,0,15,2,1,0,1,0,0,0,0,0,0,0,0,0,1,0,0,0,0,1,0,1,0
1.0468609920982852,5,0,18,9,3,0,21,3,1,0,0,0,0,0,0,0,0,1,0,1,0,0,0,0,1,0,0,0,0
1.7187869059895633,3,0,18,9,3,0,6,1,1,0,0,0,1,0,0,0,0,0,0,0,1,0,0,0,0,1,0,0,0
-1.620892233104214,3,0,18,9,3,0,4,0,1,0,0,0,0,0,0,0,0,0,0,0,1,0,0,0,0,1,1,0,0
1.3739383903478954,3,0,18,9,3,0,4,0,1,0,0,0,0,0,0,0,0,0,1,0,0,0,0,1,0,0,1,0,0
0.4253056638242151,6,0,19,9,4,0,0,0,1,0,0,0,0,0,0,1,1,0,0,1,0,0,0,0,0,1,0,0,0
1.6364172042871827,1,0,19,9,4,0,18,3,0,0,1,0,0,1,0,0,1,0,0,1,0,0,1,0,0,0,0,0,1
-0.11894304813607309,4,0,19,9,4,0,17,2,1,0,0,0,0,0,0,1,0,0,0,1,0,0,0,1,0,0,0,1,0
1.2013701174183382,8,0,19,9,4,0,10,1,1,0,0,0,0,0,0,1,1,0,0,0,1,0,0,0,0,0,0,0,1
-1.50912956824801,3,0,19,9,4,0,10,1,0,1,0,0,0,1,0,0,0,1,0,0,0,1,0,1,0,0,0,0,1
-0.5668855601618965,5,0,19,9,4,0,5,0,1,0,0,0,0,0,0,0,0,0,0,0,0,0,0,0,0,1,0,0,0
-1.493169918006636,2,0,19,9,4,0,1,0,1,0,0,1,0,1,0,0,0,0,1,1,0,0,1,0,0,0,1,0,0
1.6431841792753712,2,0,19,9,4,0,11,1,1,0,0,1,0,0,0,1,0,1,0,1,0,0,0,1,0,0,0,1,0
1.0963536060888206,7,0,19,9,4,0,3,0,0,0,1,0,0,1,0,0,0,0,1,1,0,0,1,0,0,0,1,0,0
1.2191863479769842,10,0,19,9,4,0,17,2,0,0,0,0,1,0,0,0,0,0,1,0,1,0,0,0,0,0,0,0,1
1.5141223501544907,3,0,19,9,4,0,2,0,1,0,1,0,0,0,0,0,1,0,0,1,0,0,0,0,0,0,0,0,1
-1.4307159442310322,5,0,20,9,5,1,3,0,1,0,0,1,0,0,0,1,1,0,0,0,0,0,0,0,1,0,1,0,0
-0.39314087465746994,3,0,20,9,5,1,13,2,0,0,1,0,0,1,0,0,0,0,0,1,0,0,0,0,1,0,1,0,0
-1.4792924139154742,6,0,20,9,5,1,9,1,1,0,0,0,0,0,0,0,1,0,0,0,0,1,0,1,0,0,0,0,0
,10,1,20,9,5,1,5,0,1,0,1,0,0,0,0,0,0,0,1,0,0,0,0,0,1,0,1,0,0
-0.9325937099851035,3,0,20,9,5,1,20,3,0,0,0,1,0,0,0,0,0,0,1,1,0,0,1,0,0,0,1,0,0
-0.10479139480180007,8,0,20,9,5,1,4,0,1,0,1,0,0,0,0,0,0,1,0,0,0,0,0,0,1,0,0,0,0
-0.7972542102213341,2,0,20,9,5,1,9,1,0,0,1,0,0,1,0,0,0,0,1,1,0,0,1,0,0,0,1,0,0
-1.3759034468267055,3,0,20,9,5,1,22,3,1,0,0,0,0,0,0,0,0,0,0,0,0,1,0,0,1,0,0,0,1
-1.1462392562147563,8,0,20,9,5,1,17,2,0,0,1,0,0,0,0,0,0,0,0,1,0,0,0,0,1,0,1,0,0
-1.216043205900608,8,0,20,9,5,1,12,2,1,0,0,0,0,0,0,0,1,0,0,0,0,0,0,0,1,0,0,1,0
1.6353587799941587,1,0,20,9,5,1,19,3,0,0,1,0,0,0,0,0,1,0,0,0,0,1,0,0,0,1,0,0,1
0.8971859160903072,8,0,21,9,6,1,15,2,0,0,0,0,0,0,0,1,1,0,0,0,1,0,0,0,0,1,0,0,0
1.6170081319236247,10,0,21,9,6,1,4,0,1,0,0,0,0,0,1,0,0,0,0,0,0,1,0,0,1,0,0,0,1
-0.20619191231711645,2,0,21,9,6,1,16,2,1,0,0,0,0,0,0,1,0,0,1,0,0,0,1,0,0,0,0,0,0
-0.7633915733317223,7,0,21,9,6,1,12,2,1,0,1,0,1,0,0,0,1,0,0,0,0,1,0,1,0,0,0,1,0
1.0318521885988416,6,0,21,9,6,1,22,3,1,0,0,0,0,0,0,1,0,1,0,0,0,0,0,0,0,0,0,1,0
-0.5980483475434004,2,0,21,9,6,1,9,1,1,0,1,0,0,0,0,1,1,0,0,0,0,1,0,0,0,1,0,0,1
-0.6908322502404234,5,0,21,9,6,1,12,2,1,0,1,0,0,0,0,0,0,0,0,1,0,0,0,0,1,0,1,0,0
-0.9217526690296672,7,0,21,9,6,1,16,2,1,0,0,0,0,0,0,0,1,0,0,0,0,1,0,0,0,0,0,0,1
-1.2768002305637896,8,0,21,9,6,1,11,1,0,0,0,0,0,0,1,0,0,0,1,0,0,0,0,0,0,1,0,0,1
-0.8390290024817509,3,0,21,9,6,1,10,1,1,0,0,0,0,1,0,0,1,0,0,1,0,0,0,1,0,0,0,1,0
-0.4976889031031899,1,0,21,9,6,1,18,3,0,0,0,1,0,0,0,1,0,0,0,1,0,0,1,0,0,0,0,0,0
0.6026594026556755,7,0,22,9,0,0,2,0,1,0,1,0,1,0,0,0,0,0,0,0,1,0,0,0,1,0,0,0,1
-1.5085396268387834,5,0,22,9,0,0,1,0,1,0,0,0,1,0,0,0,0,1,0,0,0,1,0,1,0,0,1,0,0
-0.9977128308329787,5,0,22,9,0,0,18,3,1,0,0,0,0,0,0,0,0,0,0,0,0,0,0,0,0,1,0,1,0
1.068903979341861,7,0,22,9,0,0,17,2,1,0,1,0,0,0,0,1,0,1,0,0,0,1,0,0,1,0,0,0,1
-1.2172647316420657,1,0,22,9,0,0,18,3,1,0,0,1,0,0,0,0,0,0,1,0,0,1,0,0,0,0,0,0,1
-0.541452144937059,8,0,22,9,0,0,20,3,1,0,0,1,0,0,1,0,0,0,0,1,0,0,1,0,0,0,1,0,0
1.261006253403989,10,0,22,9,0,0,4,0,1,0,1,0,1,0,0,0,1,0,0,0,1,0,0,0,0,1,0,0,1
-1.1896277117415872,5,0,22,9,0,0,3,0,0,0,0,0,0,0,0,0,0,0,1,0,0,1,1,0,0,0,0,0,1
-1.4388883678706135,8,0,22,9,0,0,20,3,1,0,0,0,1,0,0,0,1,0,0,0,0,0,0,0,1,0,0,0,1
-0.05151274506146296,10,0,22,9,0,0,21,3,0,0,0,0,1,0,0,0,1,0,0,0,0,1,0,1,0,0,0,0,1
-0.6803486443741068,10,0,22,9,0,0,11,1,0,0,0,0,0,0,0,0,1,0,0,0,0,0,1,0,0,0,1,0,0
0.22081809041191056,5,0,23,9,1,0,21,3,0,0,0,0,0,0,1,0,0,0,1,1,0,0,0,0,0,0,0,0,1
1.0508830044117774,7,0,23,9,1,0,4,0,0,1,0,0,0,0,1,0,0,0,1,0,1,0,0,0,0,1,0,0,1
-1.251009380249832,10,0,23,9,1,0,19,3,1,0,0,0,1,0,0,0,0,0,0,0,0,1,0,0,0,0,0,0,1
0.280523631269235,3,0,23,9,1,0,11,1,1,0,0,1,1,0,0,0,1,0,0,0,1,0,1,0,0,0,0,1,0
0.020897357555737604,2,0,23,9,1,0,18,3,0,0,1,0,0,0,0,0,0,1,0,0,0,1,0,1,0,0,1,0,0
-1.2270820507403146,6,0,23,9,1,0,15,2,1,0,0,1,0,1,0,0,0,0,0,0,0,0,0,1,0,0,0,1,0
0.43002866534161216,5,0,23,9,1,0,19,3,1,0,1,0,0,1,0,0,0,0,1,0,1,0,0,0,0,0,0,1,0
-0.7797190693929669,9,0,23,9,1,0,22,3,0,0,0,0,0,0,1,0,0,1,0,0,0,1,0,0,1,0,1,0,0
-0.04013034610697152,10,0,23,9,1,0,5,0,0,0,1,0,0,0,0,0,0,0,1,1,0,0,0,0,1,0,0,1,0
-1.4404916204062768,4,0,23,9,1,0,22,3,0,1,0,0,0,1,0,0,0,1,0,0,0,0,0,1,0,0,0,1,0
-0.13767542300081242,3,0,24,9,2,0,10,1,0,1,1,0,0,0,0,0,0,0,0,0,1,0,0,0,0,0,0,1,0
-0.6663843841933529,9,0,24,9,2,0,17,2,0,0,0,0,0,0,0,0,0,1,0,0,0,1,0,0,0,0,1,0,0
1.1150235165690534,8,1,24,9,2,0,20,3,1,0,0,1,0,0,1,0,0,0,0,0,1,0,0,0,0,0,0,0,1
-1.5278272406769122,6,0,24,9,2,0,17,2,0,0,0,0,0,0,0,0,0,0,1,0,0,1,1,0,0,0,0,0,0
-0.27916419439487383,1,0,24,9,2,0,14,2,1,0,0,0,1,0,0,0,0,1,0,0,0,0,0,0,1,0,0,0,0
-0.1416557923913005,10,0,24,9,2,0,6,1,1,0,0,1,0,0,0,0,1,0,0,1,0,0,0,0,1,0,1,0,0
0.778798556232846,1,0,24,9,2,0,15,2,0,0,0,0,0,0,1,0,1,0,0,0,0,0,1,0,0,0,0,0,0
0.2583834772053158,6,0,24,9,2,0,19,3,1,0,1,0,0,1,0,0,0,0,1,0,1,0,0,0,0,1,1,0,0
0.5792421989529599,3,0,24,9,2,0,16,2,1,0,1,0,1,0,0,0,0,1,0,0,1,0,1,0,0,0,1,0,0
0.9584981797268786,3,0,24,9,2,0,7,1,1,0,0,1,0,0,1,0,1,0,0,0,0,1,0,0,0,0,0,0,0
1.2525249780854593,6,0,24,9,2,0,2,0,0,0,0,1,0,0,1,0,0,0,0,0,0,0,1,0,0,0,0,1,0
-0.6407913377636657,3,0,25,9,3,0,12,2,1,0,0,1,1,0,0,0,0,1,0,0,0,0,0,0,0,0,0,0,1
0.13316667797515966,10,0,25,9,3,0,22,3,0,0,0,0,0,0,0,0,0,1,0,0,0,0,0,1,0,0,0,0,0
1.1762351431416975,6,0,25,9,3,0,21,3,1,0,0,1,0,0,0,0,1,0,0,0,1,0,0,0,0,0,0,0,0
1.6918994587031613,5,0,25,9,3,0,10,1,0,0,1,0,0,0,0,1,0,0,0,0,0,1,0,0,1,0,0,0,0
1.346846198690055,4,0,25,9,3,0,9,1,0,0,1,0,0,0,0,0,0,0,0,0,0,1,1,0,0,0,0,0,0
,8,0,25,9,3,0,15,2,1,0,0,0,0,1,0,0,0,0,0,0,0,0,0,0,0,0,1,0,0
-1.0506791586507842,2,0,25,9,3,0,8,1,1,0,1,0,0,0,0,1,0,1,0,1,0,0,0,0,0,1,1,0,0
-0.034747998308673846,7,0,25,9,3,0,14,2,1,0,0,1,0,0,1,0,0,0,1,0,0,0,0,1,0,0,0,0,1
0.836238028030023,4,0,25,9,3,0,17,2,0,1,0,1,0,0,1,0,0,1,0,1,0,0,0,0,0,1,0,0,1
,2,0,25,9,3,0,16,2,0,0,0,0,1,0,0,0,0,1,0,0,0,0,0,0,0,1,0,0,0
,7,0,25,9,3,0,6,1,0,1,0,0,0,0,0,1,1,0,0,0,0,0,0,0,0,1,0,0,0
1.1697492578837874,1,0,26,9,4,0,3,0,1,0,0,0,0,0,0,1,0,0,1,0,0,1,0,1,0,0,0,0,0
-0.4766800484475525,4,0,26,9,4,0,0,0,0,0,0,1,0,1,0,0,0,0,0,0,0,0,0,1,0,0,0,0,1
1.2442102744589463,9,0,26,9,4,0,12,2,0,0,1,0,0,0,0,0,1,0,0,0,1,0,0,1,0,0,0,0,0
-0.3199152647981033,4,0,26,9,4,0,4,0,0,0,0,0,0,1,0,0,0,1,0,0,0,0,0,1,0,0,0,1,0
-0.5912154379271218,3,0,26,9,4,0,3,0,0,1,0,0,0,0,1,0,0,0,1,0,0,1,0,0,0,1,0,0,1
-0.15699079878761082,10,0,26,9,4,0,7,1,1,0,0,0,1,0,0,0,0,0,0,0,0,0,0,0,1,0,0,1,0
0.9080790106994989,10,0,26,9,4,0,1,0,0,0,0,0,0,0,0,0,0,0,0,1,0,0,0,0,1,0,0,0,0
-1.289497851836498,2,0,26,9,4,0,3,0,0,0,0,1,0,0,0,0,0,1,0,0,0,1,0,1,0,0,1,0,0
-1.046355235145511,3,0,26,9,4,0,5,0,0,0,1,0,0,1,0,0,0,0,0,1,0,0,1,0,0,0,0,1,0
,1,0,26,9,4,0,7,1,1,0,0,0,1,0,0,0,0,0,0,0,1,0,0,0,0,0,0,0,1
-1.1186161172886124,10,1,26,9,4,0,12,2,1,0,1,0,0,0,1,0,0,0,1,0,1,0,1,0,0,0,0,1,0
0.23573319733459486,8,0,27,9,5,1,1,0,1,0,0,0,0,0,1,0,1,0,0,0,0,0,1,0,0,0,0,0,1
0.27574163561091525,1,0,27,9,5,1,5,0,1,0,0,1,0,0,0,1,0,0,1,1,0,0,1,0,0,0,0,0,0
-0.033949842284425914,3,0,27,9,5,1,7,1,1,0,0,0,0,1,0,0,1,0,0,1,0,0,0,0,1,0,0,1,0
0.5016683738832343,3,0,27,9,5,1,1,0,0,0,0,0,0,0,1,0,1,0,0,0,0,1,0,0,0,0,1,0,0
-0.9310008681801913,2,0,27,9,5,1,5,0,0,0,0,0,0,0,0,0,1,0,0,1,0,0,1,0,0,0,0,1,0
0.1837142460151356,5,0,27,9,5,1,12,2,1,0,1,0,0,0,1,0,0,0,0,1,0,0,0,1,0,0,1,0,0
-0.43949638844835276,10,0,27,9,5,1,1,0,1,0,1,0,0,0,0,1,0,0,1,0,0,1,0,0,1,0,0,0,1
0.560096865101762,3,0,27,9,5,1,7,1,1,0,1,0,1,0,0,0,0,0,0,0,0,1,0,1,0,0,0,0,0
-1.2369410127615676,3,0,27,9,5,1,22,3,1,0,0,0,1,0,0,0,0,1,0,1,0,0,0,1,0,0,0,0,0
0.24660894072586775,8,0,27,9,5,1,6,1,0,0,0,0,1,0,0,0,0,0,1,0,0,0,1,0,0,0,1,0,0
,4,1,27,9,5,1,0,0,0,1,0,0,0,0,1,0,1,0,0,0,0,1,0,1,0,0,0,0,1
-0.7624441968333759,4,0,28,9,6,1,20,3,1,0,1,0,0,0,0,1,0,0,0,0,0,1,0,0,0,0,0,0,0
-0.9693887027029303,3,0,28,9,6,1,18,3,0,0,0,0,1,0,0,0,0,0,0,1,0,0,0,1,0,0,0,0,1
-1.0932486366918652,1,0,28,9,6,1,21,3,0,0,1,0,0,0,0,0,0,0,1,1,0,0,1,0,0,0,1,0,0
1.1265204335618062,8,0,28,9,6,1,22,3,0,0,0,1,0,0,0,0,0,0,1,0,0,1,0,1,0,0,1,0,0
-0.7380518546836442,1,0,28,9,6,1,9,1,1,0,0,1,1,0,0,0,1,0,0,1,0,0,0,0,1,0,0,1,0
1.4766888326172651,7,0,28,9,6,1,7,1,0,1,0,0,0,0,0,1,1,0,0,0,0,1,0,0,1,0,0,0,0
1.6244830366028855,5,0,28,9,6,1,19,3,1,0,0,0,0,0,1,0,0,1,0,0,0,0,0,0,1,0,0,0,0
0.2479311035312524,4,0,28,9,6,1,13,2,1,0,0,0,0,0,0,1,1,0,0,0,0,0,0,0,0,1,0,1,0
-1.2308021518620265,4,0,28,9,6,1,13,2,1,0,1,0,0,1,0,0,0,0,0,0,0,1,0,0,1,0,1,0,0
-0.431292732616518,8,0,28,9,6,1,14,2,1,0,0,1,0,0,0,0,0,1,0,0,0,1,0,0,1,0,1,0,0
1.0299157926791442,6,0,28,9,6,1,3,0,1,0,0,0,0,0,0,0,0,1,0,0,1,0,0,0,0,1,1,0,0
,1,0,29,9,0,0,22,3,1,0,0,0,0,0,0,0,0,1,0,0,1,0,0,0,1,0,1,0,0
-1.4241086004476933,10,0,29,9,0,0,11,1,1,0,0,1,0,1,0,0,0,0,1,1,0,0,1,0,0,0,0,0,1
0.19794918519541735,8,0,29,9,0,0,13,2,0,0,0,1,0,0,0,0,1,0,0,1,0,0,0,0,1,0,0,0,0
1.1935412478935419,2,0,29,9,0,0,1,0,0,0,0,0,0,0,1,0,0,1,0,0,0,1,0,0,1,0,0,0,0
,6,0,29,9,0,0,11,1,1,0,1,0,1,0,0,0,0,0,1,0,0,1,0,0,0,1,1,0,0
-1.1198862264402418,9,0,29,9,0,0,16,2,0,0,0,0,0,1,0,0,0,0,1,0,1,0,1,0,0,0,1,0,0
0.5984152947528272,1,0,29,9,0,0,17,2,0,0,0,0,0,0,0,0,0,1,0,0,1,0,0,1,0,0,1,0,0
-0.9631908476624664,6,0,29,9,0,0,5,0,0,0,0,1,0,0,1,0,0,1,0,0,0,1,0,0,0,0,0,0,0
-0.9711238244947735,8,0,29,9,0,0,17,2,1,0,0,1,1,0,0,0,0,0,0,0,0,0,1,0,0,0,0,0,0
1.2935050845652118,10,0,29,9,0,0,5,0,0,0,1,0,1,0,0,0,0,1,0,0,0,0,0,1,0,0,1,0,0
-0.8624878491074709,2,0,29,9,0,0,10,1,0,1,0,0,0,0,0,1,0,0,0,1,0,0,1,0,0,0,0,0,1
-0.8156048582918678,5,0,30,9,1,0,10,1,0,0,0,1,0,0,0,0,0,1,0,0,0,1,0,1,0,0,0,1,0
-1.7223135720810325,6,0,30,9,1,0,1,0,1,0,0,0,0,0,0,1,0,1,0,0,0,1,0,1,0,0,0,1,0
1.2817583100344334,5,0,30,9,1,0,3,0,1,0,0,0,0,1,0,0,1,0,0,1,0,0,1,0,0,0,0,1,0
1.0121759074793395,3,0,30,9,1,0,18,3,0,0,1,0,1,0,0,0,0,1,0,0,1,0,0,0,0,1,0,0,0
0.441529052577949,4,1,30,9,1,0,16,2,1,0,0,0,0,1,0,0,0,1,0,0,1,0,1,0,0,0,0,0,0
0.8660161882216362,7,0,30,9,1,0,11,1,1,0,1,0,0,0,1,0,0,0,0,0,0,0,1,0,0,0,0,1,0
-1.1995630191216815,4,0,30,9,1,0,16,2,1,0,1,0,0,0,0,0,0,0,0,0,0,1,0,1,0,0,0,1,0
-0.14202710845475514,9,0,30,9,1,0,0,0,0,0,0,0,0,1,0,0,1,0,0,0,1,0,0,0,0,0,0,0,1
,10,0,30,9,1,0,22,3,0,0,0,0,1,0,0,0,0,1,0,0,0,0,0,1,0,0,0,0,0
-1.4007677421038185,2,0,30,9,1,0,22,3,1,0,0,0,1,0,0,0,0,1,0,0,0,0,0,0,1,0,0,0,0
-0.0460124089813199,5,1,1,10,2,0,10,1,0,1,0,0,0,0,1,0,0,0,0,0,0,0,1,0,0,0,0,1,0
